1.772e+09,1772003250475387654,1,79.746,1.95,0,0,0,-1.5708,0,-1.5708,0,0,0,0,0,0,0,0,0,-2.3,-1.1,-1.2,-1.2,0.5,0.000618328,-1.22237,-2.06681,0.711606,-2.199,0.921307,-0.00123666,0.986335,1.93362,-0.681612,1.998,-0.842614,
1.772e+09,1772003250713019490,1,67.446,1.79579,0,0,1.05411e-05,-1.6294,-0.0442662,-1.5125,-0.0684295,0.0788419,0.000129182,-0.674226,-0.515221,0.670833,-0.784241,0.900101,0,-2.3,-1.1,-1.2,-1.2,0.5,-1.9858e-05,-1.26382,-1.98965,0.588966,-2.13124,0.793721,1.86339e-05,1.18645,1.86784,-0.552929,1.99933,-0.745126,
1.772e+09,1772003250961188672,1,65.578,1.19628,0,0,1.08139e-05,-1.89917,-0.277325,-1.35762,-0.402273,0.286313,-3.74021e-05,-1.26383,-1.40264,0.588966,-1.87587,0.79445,0,-2.3,-1.1,-1.2,-1.2,0.5,-2.03801e-05,-0.755413,-1.55043,0.29705,-1.50341,0.402723,1.91323e-05,0.709164,1.4555,-0.278863,1.41136,-0.378073,
1.772e+09,1772003251208752377,1,63.179,0.502858,0,0,5.36902e-06,-2.16117,-0.674188,-1.2498,-0.872211,0.436521,-1.29158e-05,-0.755325,-1.55043,0.297388,-1.50353,0.40264,0,-2.3,-1.1,-1.2,-1.2,0.5,-1.01177e-05,-0.261643,-0.802492,0.0938514,-0.617756,0.119685,9.49743e-06,0.245624,0.75336,-0.0881054,0.579933,-0.112412,
1.772e+09,1772003251447450828,1,51.788,0.0826965,0,0,1.65466e-06,-2.28704,-0.988171,-1.20881,-1.1744,0.493806,-1.70281e-05,-0.261721,-0.822094,0.0935372,-0.77259,0.119743,0,-2.3,-1.1,-1.2,-1.2,0.5,0.00018287,-0.0242229,-0.210697,0.0168196,-0.0548366,0.00300415,-0.00036905,0.0225184,0.197737,-0.0160223,0.0584818,0.0063806,
1.772e+09,1772003251709020124,1,63.468,0.0517462,0,0,3.56876e-05,-2.31448,-1.12078,-1.19928,-1.26419,0.503279,0.00018699,-0.0242288,-0.210654,0.0168196,-0.054822,0.00297663,0,-2.3,-1.1,-1.2,-1.2,0.5,-6.74615e-05,0.0273471,0.0391645,-0.00136326,0.121007,-0.00618051,6.3548e-05,-0.0257272,-0.0367664,0.0012798,-0.113636,0.00580209,
1.772e+09,1772003251989832342,1,94.214,2.36325,0,1,3.57781e-05,-2.3114,-1.13464,-1.19844,-1.2494,0.502378,-6.53135e-05,0.0273417,0.0391645,-0.00143962,0.121008,-0.00615866,2,-1.6,-1.7,-1.7,-1.7,1,2.99996,1.34071,-1.06549,-0.945252,-0.849207,0.937826,-2,-1.25862,1.00026,0.88738,0.797215,-0.880408,
1.772e+09,1772003252231324271,1,85.786,2.23352,0,1,0.0489597,-2.25565,-1.17364,-1.24859,-1.2675,0.549928,0.613088,0.638742,-0.574169,-0.625297,-0.491501,0.609266,2,-1.6,-1.7,-1.7,-1.7,1,2.95104,1.23564,-0.991991,-0.850742,-0.815098,0.848212,-2,-1.15999,0.931257,0.798656,0.765194,-0.796281,
1.772e+09,1772003252468028702,1,72.477,1.55254,0,1,0.324798,-1.99416,-1.39728,-1.45565,-1.4563,0.75504,1.6098,1.23571,-0.991991,-0.849913,-0.814974,0.84812,2,-1.6,-1.7,-1.7,-1.7,1,2.6752,0.742842,-0.570507,-0.460505,-0.459283,0.461655,-2,-0.697357,0.535578,0.432311,0.431169,-0.43339,
1.772e+09,1772003252721475324,1,75.919,0.806134,0,1,0.86589,-1.73602,-1.59776,-1.62167,-1.61689,0.921539,2.62636,0.742888,-0.570507,-0.45967,-0.457578,0.461413,2,-1.6,-1.7,-1.7,-1.7,1,2.13331,0.256349,-0.192691,-0.147614,-0.156623,0.147869,-1.9984,-0.240654,0.180893,0.138576,0.147034,-0.138816,
1.772e+09,1772003252957873920,1,62.276,0.282901,0,1,1.46859,-1.60595,-1.6921,-1.69406,-1.69089,0.994503,2.13333,0.256328,-0.192691,-0.148194,-0.155987,0.147705,2,-1.6,-1.7,-1.7,-1.7,1,1.00153,0.0112133,-0.0148878,-0.0111362,-0.0171719,0.0103604,-0.940253,-0.0105266,0.0139755,0.0103998,0.0161206,-0.00972604,
1.772e+09,1772003253206416335,1,60.859,0.0583759,0,1,1.94227,-1.57856,-1.71216,-1.7089,-1.70747,1.00906,1.40474,0.0111899,-0.0148878,-0.0116195,-0.0180071,0.0104547,2,-1.6,-1.7,-1.7,-1.7,1,0.108792,-0.0404115,0.0229082,0.0167652,0.0140786,-0.0170755,-0.102131,0.0379374,-0.0215057,-0.0157373,-0.0132166,0.01603,
1.772e+09,1772003253449167398,1,53.582,0.103246,0,1,2.16241,-1.58486,-1.70912,-1.70677,-1.70631,1.00675,0.407693,-0.0404311,0.0229082,0.0163775,0.0131525,-0.0169553,2,-1.6,-1.7,-1.7,-1.7,1,-0.30608,-0.0285259,0.01719,0.0127515,0.0118964,-0.0127131,0.28734,0.0267799,-0.0161376,-0.0119708,-0.011168,0.0119347,
1.772e+09,1772003253709227061,1,63.667,0.0839983,0,1,2.14657,-1.59286,-1.70439,-1.70334,-1.7033,1.00326,-0.306068,-0.028567,0.0172187,0.0127515,0.0118868,-0.0127084,2,-1.6,-1.7,-1.7,-1.7,1,-0.276222,-0.0134499,0.00827863,0.0062957,0.00621825,-0.00614495,0.25931,0.0126266,-0.00777177,-0.00591019,-0.00583816,0.00576873,
1.772e+09,1772003253967822936,1,72.215,0.0426343,0,1,2.07663,-1.59718,-1.70176,-1.70137,-1.70139,1.00131,-0.276224,-0.0134878,0.00830198,0.0062957,0.00620864,-0.00612571,2,-1.6,-1.7,-1.7,-1.7,1,-0.144413,-0.00530697,0.00331215,0.00257408,0.00261556,-0.00247627,0.13557,0.00498206,-0.00310937,-0.00241648,-0.00245583,0.00232467,
1.772e+09,1772003254203479612,1,57.807,2.42583,0,0,2.02733,-1.59921,-1.7005,-1.7004,-1.70041,1.00038,-0.144376,-0.00530299,0.00331215,0.00252651,0.00253283,-0.00246526,0,-2.3,-1.1,-1.2,-1.2,0.5,-3.01366,-1.32071,1.13171,0.943061,0.943077,-0.94302,2,1.23985,-1.06242,-0.885322,-0.885338,0.885284,
1.772e+09,1772003254487939470,1,92.371,2.18533,0,0,1.92114,-1.67121,-1.62901,-1.62929,-1.63274,0.929691,-0.891878,-0.752521,0.750812,0.757255,0.712744,-0.743223,0,-2.3,-1.1,-1.2,-1.2,0.5,-2.92114,-1.18503,0.996977,0.809037,0.815555,-0.809803,2,1.11247,-0.935938,-0.759505,-0.765623,0.760223,
1.772e+09,1772003254737646590,1,92.077,1.41624,0,0,1.56269,-1.94989,-1.37747,-1.41176,-1.4173,0.713169,-1.90709,-1.18498,0.996977,0.809525,0.81466,-0.809729,0,-2.3,-1.1,-1.2,-1.2,0.5,-2.56269,-0.659814,0.522919,0.399083,0.40953,-0.401741,2,0.619418,-0.490904,-0.374649,-0.384457,0.377145,
1.772e+09,1772003254965387867,1,69.784,0.668865,0,0,0.983739,-2.19464,-1.17747,-1.25566,-1.25909,0.556415,-2.56269,-0.659856,0.522919,0.398751,0.409164,-0.401622,0,-2.3,-1.1,-1.2,-1.2,0.5,-1.85397,-0.198543,0.145999,0.10489,0.111368,-0.10632,1.74046,0.186365,-0.137065,-0.0984679,-0.104549,0.0998104,
1.772e+09,1772003255219131053,1,73.529,0.209135,0,0,0.397295,-2.30606,-1.09455,-1.19653,-1.19746,0.496549,-1.85397,-0.198578,0.145999,0.104892,0.112255,-0.106443,0,-2.3,-1.1,-1.2,-1.2,0.5,-0.74875,0.0114197,-0.0102602,-0.00653818,-0.00479434,0.00650463,0.702911,-0.0107205,0.00961861,0.00613802,0.00450081,-0.00610633,
1.772e+09,1772003255472527409,1,76.97,2.44089,0,1,-0.00138742,-2.32497,-1.08196,-1.18801,-1.18789,0.487832,-1.18331,0.0113811,-0.0102602,-0.00652469,-0.00384203,0.00636915,2,-1.6,-1.7,-1.7,-1.7,1,3.00069,1.36628,-1.16478,-0.964897,-0.965127,0.96524,-2,-1.28263,1.09346,0.905822,0.906038,-0.906143,
1.772e+09,1772003255713941096,1,68.386,2.44207,0,1,-0.170328,-2.26397,-1.14286,-1.2489,-1.24676,0.547905,-0.167726,0.680165,-0.681094,-0.687323,-0.670062,0.678835,2,-1.6,-1.7,-1.7,-1.7,1,3.08516,1.25133,-1.04999,-0.850156,-0.854182,0.852025,-2,-1.17472,0.985705,0.798106,0.801885,-0.79986,
1.772e+09,1772003255959135408,1,63.521,1.79655,0,1,-0.0864421,-1.99499,-1.3854,-1.45891,-1.45572,0.757462,0.828934,1.25138,-1.04999,-0.849572,-0.854118,0.851963,2,-1.6,-1.7,-1.7,-1.7,1,3.04322,0.744407,-0.592905,-0.454366,-0.460371,0.45709,-2,-0.698831,0.556604,0.426548,0.432185,-0.429105,
1.772e+09,1772003256239868725,1,94.322,1.11404,0,1,0.256175,-1.73844,-1.59386,-1.62051,-1.61933,0.920495,1.84543,0.74445,-0.592905,-0.453577,-0.45967,0.457008,2,-1.6,-1.7,-1.7,-1.7,1,2.74382,0.260914,-0.200036,-0.149813,-0.152036,0.149836,-2,-0.24494,0.187789,0.140641,0.142728,-0.140663,
1.772e+09,1772003256456325728,1,60.734,0.586829,0,1,0.833724,-1.59855,-1.70009,-1.69764,-1.69782,0.99869,2.74382,0.26089,-0.200036,-0.150397,-0.151576,0.149699,2,-1.6,-1.7,-1.7,-1.7,1,2.16382,-0.00273992,0.000160554,-0.00444052,-0.00411028,0.00246918,-1.99509,0.00258024,-0.00015057,0.00416879,0.00385875,-0.00231801,
1.772e+09,1772003256714162210,1,68.614,0.307637,0,1,1.46306,-1.57351,-1.71797,-1.71106,-1.71126,1.01157,2.16382,-0.00275614,0.000160554,-0.00486995,-0.00343761,0.00230333,2,-1.6,-1.7,-1.7,-1.7,1,1.01192,-0.0499142,0.0338668,0.0208373,0.0212144,-0.0218005,-0.949969,0.0468582,-0.0317932,-0.0195615,-0.0199161,0.0204658,
1.772e+09,1772003256962040857,1,66.46,0.0598498,0,1,1.93459,-1.5821,-1.71223,-1.708,-1.7081,1.00806,1.47335,-0.0499379,0.0338668,0.020347,0.0204113,-0.0217133,2,-1.6,-1.7,-1.7,-1.7,1,0.123284,-0.0337151,0.0230542,0.0150688,0.0152643,-0.0151858,-0.11574,0.0316312,-0.0216422,-0.0141462,-0.0143298,0.014256,
1.772e+09,1772003257210985492,1,65.437,0.10116,0,1,2.17716,-1.59189,-1.70556,-1.70384,-1.70393,1.00372,0.457143,-0.0337339,0.0230542,0.0147008,0.0143479,-0.0150654,2,-1.6,-1.7,-1.7,-1.7,1,-0.333871,-0.0152858,0.010494,0.00723498,0.00741353,-0.00700824,0.31343,0.0143509,-0.00986286,-0.00679165,-0.00696095,0.00657964,
1.772e+09,1772003257461455576,1,65.876,0.089898,0,1,2.16993,-1.59696,-1.70209,-1.70158,-1.70172,1.00144,-0.333882,-0.0153432,0.0105301,0.00723498,0.00739935,-0.00697135,2,-1.6,-1.7,-1.7,-1.7,1,-0.320249,-0.00573151,0.00394204,0.00297667,0.0032368,-0.0027106,0.300642,0.0053806,-0.00370064,-0.00279442,-0.00303862,0.00254471,
1.772e+09,1772003257709981189,1,64.432,0.0452389,0,1,2.08751,-1.59915,-1.70059,-1.70051,-1.70058,1.00044,-0.32027,-0.00578811,0.00397704,0.00297667,0.00322287,-0.0026637,2,-1.6,-1.7,-1.7,-1.7,1,-0.164914,-0.00160941,0.00110909,0.000981935,0.00109826,-0.000822743,0.154817,0.00151088,-0.00103827,-0.00094563,-0.00103102,0.000772373,
1.772e+09,1772003257948764667,1,53.127,2.43038,0,0,2.03342,-1.59984,-1.70011,-1.70012,-1.70012,1.0001,-0.164866,-0.00160439,0.00110909,0.000914911,0.00107101,-0.000823094,0,-2.3,-1.1,-1.2,-1.2,0.5,-3.01671,-1.31962,1.13102,0.942536,0.942541,-0.9425,2,1.23891,-1.06181,-0.884828,-0.884835,0.884804,
1.772e+09,1772003258239310571,1,93.772,2.17032,0,0,1.91571,-1.67604,-1.62404,-1.62422,-1.62796,0.924746,-0.931491,-0.767955,0.767776,0.775388,0.729852,-0.760616,0,-2.3,-1.1,-1.2,-1.2,0.5,-2.91571,-1.17592,0.987622,0.799495,0.806544,-0.800483,2,1.10392,-0.927155,-0.750547,-0.757164,0.751474,
1.772e+09,1772003258487809700,1,92.26,1.42211,0,0,1.56166,-1.94584,-1.37995,-1.41386,-1.41932,0.715267,-1.92757,-1.17587,0.987622,0.799936,0.805644,-0.800402,0,-2.3,-1.1,-1.2,-1.2,0.5,-2.56166,-0.667463,0.527591,0.403043,0.413339,-0.405695,2,0.626598,-0.495289,-0.378367,-0.388033,0.380856,
1.772e+09,1772003258689869828,1,44.238,0.650182,0,0,0.959392,-2.19763,-1.17445,-1.25334,-1.25669,0.554117,-2.56166,-0.667502,0.527591,0.402729,0.412968,-0.405578,0,-2.3,-1.1,-1.2,-1.2,0.5,-1.80622,-0.193041,0.140273,0.100402,0.106694,-0.10201,1.69365,0.181335,-0.131651,-0.0941225,-0.100001,0.0957872,
1.772e+09,1772003258950453293,1,54.877,0.211573,0,0,0.40756,-2.2963,-1.10241,-1.20277,-1.20385,0.502851,-1.80622,-0.193065,0.140273,0.100206,0.106482,-0.101933,0,-2.3,-1.1,-1.2,-1.2,0.5,-0.768094,-0.00697782,0.00453588,0.00522861,0.00725674,-0.00537389,0.721068,0.0065491,-0.00425771,-0.00490848,-0.00681286,0.00504487,
1.772e+09,1772003259237499591,1,91.961,2.40729,0,1,0.0242465,-2.31356,-1.0908,-1.19467,-1.19471,0.494543,-1.03975,-0.00701185,0.00453588,0.00525771,0.00821805,-0.00551341,2,-1.6,-1.7,-1.7,-1.7,1,2.97575,1.34479,-1.1481,-0.952343,-0.95227,0.952592,-2,-1.26245,1.07781,0.894037,0.893968,-0.89427,
1.772e+09,1772003259457553484,1,61.967,2.41597,0,1,-0.125043,-2.26768,-1.13744,-1.24193,-1.24033,0.541109,-0.154923,0.604429,-0.608797,-0.617644,-0.602092,0.609577,2,-1.6,-1.7,-1.7,-1.7,1,3.06252,1.25832,-1.0602,-0.863282,-0.866304,0.864833,-2,-1.18128,0.995292,0.810428,0.813265,-0.811884,
1.772e+09,1772003259726928216,1,81.381,1.75765,0,1,-0.0325967,-1.99995,-1.38245,-1.45493,-1.45239,0.753552,0.860858,1.25837,-1.0602,-0.862701,-0.866243,0.86477,2,-1.6,-1.7,-1.7,-1.7,1,3.0163,0.753761,-0.598453,-0.461856,-0.466655,0.464459,-2,-0.707614,0.561801,0.43358,0.438084,-0.436023,
1.772e+09,1772003259992090521,1,96.517,1.09127,0,1,0.304247,-1.74147,-1.59397,-1.62054,-1.61968,0.920504,1.85817,0.753805,-0.598453,-0.461035,-0.46595,0.464378,2,-1.6,-1.7,-1.7,-1.7,1,2.69575,0.266612,-0.199835,-0.14976,-0.151381,0.149817,-2,-0.250289,0.1876,0.140591,0.142113,-0.140643,
1.772e+09,1772003260218216519,1,72.675,0.557759,0,1,0.903859,-1.59398,-1.70555,-1.70215,-1.70244,1.00322,2.69575,0.266592,-0.199835,-0.150247,-0.150941,0.149691,2,-1.6,-1.7,-1.7,-1.7,1,2.0658,-0.011348,0.0104632,0.0040465,0.00459253,-0.00606874,-1.93932,0.0106546,-0.00982263,-0.00379871,-0.00431249,0.00569717,
1.772e+09,1772003260463508617,1,67.936,0.298707,0,1,1.50669,-1.56699,-1.72368,-1.71551,-1.71583,1.01607,2.0658,-0.0113617,0.0104632,0.00367547,0.00522766,-0.00622323,2,-1.6,-1.7,-1.7,-1.7,1,0.929708,-0.0622029,0.0446258,0.0292275,0.0298386,-0.0302925,-0.872787,0.0583946,-0.0418939,-0.0274381,-0.0280117,0.0284379,
1.772e+09,1772003260733459212,1,87.877,2.41687,0,0,1.9667,-1.57868,-1.71502,-1.71015,-1.71031,1.01024,1.35623,-0.0622246,0.0446258,0.0287821,0.0290337,-0.0302006,0,-2.3,-1.1,-1.2,-1.2,0.5,-2.9667,-1.35941,1.15908,0.96143,0.961731,-0.961604,2,1.27618,-1.08812,-0.902567,-0.90285,0.90273,
1.772e+09,1772003260953701795,1,58.112,2.44867,0,0,2.17491,-1.64176,-1.6563,-1.65575,-1.65694,0.955273,0.359303,-0.675543,0.657959,0.643176,0.622118,-0.64007,0,-2.3,-1.1,-1.2,-1.2,0.5,-3.08745,-1.24054,1.0484,0.858915,0.861151,-0.858014,2,1.16459,-0.984216,-0.806328,-0.808428,0.805483,
1.772e+09,1772003261213152526,1,67.611,1.8301,0,0,2.13447,-1.91833,-1.40808,-1.44146,-1.44476,0.742185,-0.655854,-1.24048,1.0484,0.859633,0.860905,-0.858046,0,-2.3,-1.1,-1.2,-1.2,0.5,-3.06724,-0.719301,0.58061,0.455058,0.461277,-0.456425,2,0.675262,-0.545064,-0.427197,-0.433036,0.428481,
1.772e+09,1772003261486989694,1,91.403,1.16992,0,0,1.84812,-2.16434,-1.20642,-1.28229,-1.28457,0.582782,-1.65244,-0.71926,0.58061,0.455105,0.459705,-0.456222,0,-2.3,-1.1,-1.2,-1.2,0.5,-2.84812,-0.255668,0.200545,0.155078,0.15939,-0.156013,2,0.240015,-0.18826,-0.14558,-0.149633,0.146461,
1.772e+09,1772003261735487383,1,89.941,0.653183,0,0,1.2963,-2.30159,-1.10017,-1.20245,-1.20336,0.502508,-2.66822,-0.255666,0.200545,0.155025,0.159081,-0.155959,0,-2.3,-1.1,-1.2,-1.2,0.5,-2.29629,0.00298745,0.000315474,0.00461529,0.00632958,-0.00472619,1.99999,-0.00280455,-0.000296159,-0.00433271,-0.00594205,0.00443683,
1.772e+09,1772003261959952157,1,64.375,0.374441,0,0,0.646758,-2.33294,-1.07668,-1.18475,-1.18478,0.48461,-2.29629,0.00298257,0.000315474,0.004533,0.00632021,-0.00469957,0,-2.3,-1.1,-1.2,-1.2,0.5,-1.21889,0.0620703,-0.043958,-0.0287455,-0.0286855,0.0290047,1.14426,-0.0582701,0.0412667,0.0269856,0.0269293,-0.0272289,
1.772e+09,1772003262203880129,1,58.321,0.100107,0,0,0.13162,-2.3217,-1.08456,-1.18965,-1.18938,0.489517,-1.56815,0.0620306,-0.043958,-0.0287367,-0.0277149,0.028868,0,-2.3,-1.1,-1.2,-1.2,0.5,-0.248053,0.0408953,-0.0291071,-0.0195102,-0.0200095,0.0197572,0.232866,-0.0383915,0.0273299,0.0183157,0.0187844,-0.0185476,
1.772e+09,1772003262441595260,1,45.994,0.0809354,0,0,-0.12877,-2.31032,-1.09264,-1.19502,-1.19464,0.494922,-0.571709,0.0408619,-0.0291071,-0.0194763,-0.0190392,0.0196152,0,-2.3,-1.1,-1.2,-1.2,0.5,0.242682,0.0194531,-0.0138673,-0.00938991,-0.0101023,0.00957018,-0.227823,-0.0182621,0.0130183,0.00881501,0.00948382,-0.00898423,
1.772e+09,1772003262700851300,1,55.305,0.0809326,0,0,-0.148044,-2.30421,-1.09699,-1.19795,-1.19757,0.497881,0.242685,0.0194543,-0.0138673,-0.00943332,-0.00997509,0.00957074,0,-2.3,-1.1,-1.2,-1.2,0.5,0.279006,0.00795648,-0.00566907,-0.00387024,-0.00457672,0.00399197,-0.261924,-0.00748937,0.00532218,0.00363237,0.00429672,-0.00374621,
1.772e+09,1772003262955662419,1,60.05,0.0434876,0,0,-0.0817959,-2.30154,-1.0989,-1.19925,-1.199,0.49921,0.279011,0.0079584,-0.00566907,-0.00392124,-0.00438662,0.00398813,0,-2.3,-1.1,-1.2,-1.2,0.5,0.154154,0.00289612,-0.00207674,-0.0014087,-0.0018893,0.00148947,-0.144716,-0.00271881,0.0019496,0.00132245,0.00177311,-0.00139827,
1.772e+09,1772003263217830035,1,72.279,2.43011,0,1,-0.0325665,-2.30046,-1.09966,-1.19978,-1.19966,0.499755,0.154155,0.00289625,-0.00207674,-0.00141906,-0.00178276,0.00148067,2,-1.6,-1.7,-1.7,-1.7,1,3.01628,1.3201,-1.1314,-0.942725,-0.942955,0.942769,-2,-1.23928,1.06213,0.885007,0.885223,-0.885049,
1.772e+09,1772003263492226191,1,96.652,2.2154,0,1,0.0656877,-2.23957,-1.16055,-1.2615,-1.26033,0.560697,0.843962,0.690745,-0.692077,-0.702958,-0.690728,0.693884,2,-1.6,-1.7,-1.7,-1.7,1,2.93431,1.20534,-1.01666,-0.826408,-0.828609,0.827917,-2,-1.13155,0.954414,0.775811,0.777878,-0.777228,
1.772e+09,1772003263737786506,1,92.251,1.4558,0,1,0.412033,-1.96527,-1.40881,-1.47859,-1.47686,0.777373,1.85992,1.20541,-1.01666,-0.825612,-0.828475,0.827838,2,-1.6,-1.7,-1.7,-1.7,1,2.58797,0.688386,-0.548783,-0.417269,-0.420537,0.419567,-2,-0.64624,0.515184,0.391721,0.39479,-0.393879,
1.772e+09,1772003263953677532,1,58.092,0.695322,0,1,0.985009,-1.71293,-1.61607,-1.64038,-1.64021,0.940616,2.588,0.688417,-0.548783,-0.416752,-0.421779,0.419794,2,-1.6,-1.7,-1.7,-1.7,1,1.91287,0.212824,-0.158178,-0.112357,-0.112688,0.111915,-1.79575,-0.199794,0.148494,0.105478,0.105789,-0.105063,
1.772e+09,1772003264196330269,1,50.776,0.215644,0,1,1.57167,-1.5999,-1.70058,-1.70008,-1.70131,1.00088,1.91288,0.212811,-0.158178,-0.112757,-0.112067,0.111768,2,-1.6,-1.7,-1.7,-1.7,1,0.807241,-0.000184883,0.00109111,0.000155366,0.00247299,-0.00166614,-0.757818,0.000173669,-0.00102433,-0.000146678,-0.00231938,0.00156413,
1.772e+09,1772003264494327689,1,98.677,2.41064,0,0,1.96755,-1.58287,-1.71198,-1.70779,-1.70863,1.00819,1.14596,-0.000207075,0.00109111,-0.000295846,0.00160104,-0.00156291,0,-2.3,-1.1,-1.2,-1.2,0.5,-2.96755,-1.35151,1.15335,0.956992,0.958572,-0.957741,2,1.26877,-1.08273,-0.898401,-0.899884,0.899104,
1.772e+09,1772003264724558690,1,79.025,2.44831,0,0,2.1432,-1.62607,-1.66858,-1.66526,-1.66628,0.964815,0.232155,-0.575336,0.576091,0.572486,0.558881,-0.573785,0,-2.3,-1.1,-1.2,-1.2,0.5,-3.0716,-1.27009,1.07155,0.876843,0.87875,-0.875998,2,1.19233,-1.00595,-0.823158,-0.824949,0.822366,
1.772e+09,1772003264971082254,1,75.517,1.83459,0,0,2.07521,-1.88066,-1.43389,-1.45886,-1.46222,0.759486,-0.763865,-1.27003,1.07155,0.877593,0.878486,-0.87602,0,-2.3,-1.1,-1.2,-1.2,0.5,-3.0376,-0.790304,0.629253,0.487857,0.494192,-0.48903,2,0.741918,-0.590727,-0.457988,-0.463935,0.45909,
1.772e+09,1772003265230645808,1,85.101,1.13758,0,0,1.74923,-2.14824,-1.21458,-1.28559,-1.28799,0.586007,-1.77959,-0.790261,0.629253,0.487909,0.492539,-0.488816,0,-2.3,-1.1,-1.2,-1.2,0.5,-2.74923,-0.286017,0.215932,0.161303,0.165825,-0.162091,2,0.268506,-0.202712,-0.151427,-0.155673,0.152167,
1.772e+09,1772003265486204623,1,90.626,0.605822,0,0,1.18677,-2.2941,-1.10436,-1.20453,-1.20554,0.504538,-2.74923,-0.286048,0.215932,0.161114,0.165706,-0.162032,0,-2.3,-1.1,-1.2,-1.2,0.5,-2.18672,-0.0111271,0.00837116,0.00860841,0.0104439,-0.00855072,1.9999,0.0104458,-0.0080226,-0.00815305,-0.00981195,0.00802603,
1.772e+09,1772003265714419882,1,68.884,0.319882,0,0,0.536425,-2.33335,-1.07653,-1.18453,-1.18458,0.484377,-2.18672,-0.0111296,0.00837116,0.00853775,0.0104106,-0.008524,0,-2.3,-1.1,-1.2,-1.2,0.5,-1.01095,0.0628601,-0.044255,-0.029157,-0.0290591,0.029444,0.94906,-0.059012,0.0415672,0.0273719,0.027279,-0.0276413,
1.772e+09,1772003265963741131,1,68.152,0.0669212,0,0,0.0592145,-2.3239,-1.08326,-1.1888,-1.18854,0.488672,-1.49691,0.0628185,-0.044255,-0.0291558,-0.0280878,0.0293088,0,-2.3,-1.1,-1.2,-1.2,0.5,-0.111597,0.0450519,-0.0315446,-0.0211078,-0.0215925,0.0213469,0.104764,-0.0422956,0.0296133,0.0198156,0.0202692,-0.0200388,
1.772e+09,1772003266211479407,1,65.966,0.112253,0,0,-0.18943,-2.31113,-1.09223,-1.19477,-1.19438,0.494674,-0.481313,0.0450209,-0.0315446,-0.0210623,-0.020627,0.0212029,0,-2.3,-1.1,-1.2,-1.2,0.5,0.357003,0.0209685,-0.0146373,-0.00986365,-0.0105962,0.0100367,-0.335146,-0.0196853,0.0137412,0.0092579,0.00994742,-0.00942236,
1.772e+09,1772003266446540069,1,50.922,0.0998869,0,0,-0.186032,-2.30425,-1.09703,-1.19798,-1.19758,0.497917,0.357011,0.0209722,-0.0146373,-0.00995999,-0.010363,0.0100442,0,-2.3,-1.1,-1.2,-1.2,0.5,0.350598,0.00801185,-0.00559836,-0.00380538,-0.00455725,0.0039281,-0.329133,-0.00752422,0.00525551,0.00357234,0.004276,-0.00369003,
1.772e+09,1772003266718066078,1,72.542,0.0507022,0,0,-0.096546,-2.30146,-1.09898,-1.19932,-1.19903,0.499271,0.350605,0.00801529,-0.00559836,-0.00388976,-0.0042868,0.00392699,0,-2.3,-1.1,-1.2,-1.2,0.5,0.181952,0.0027442,-0.00192054,-0.00127625,-0.00183421,0.00137332,-0.170812,-0.00257619,0.00180025,0.00119282,0.00172191,-0.00128924,
1.772e+09,1772003266977148584,1,81.575,2.4331,0,1,-0.0360359,-2.30038,-1.09973,-1.19983,-1.19968,0.499804,0.181954,0.00274485,-0.00192054,-0.00129287,-0.00172348,0.00136641,2,-1.6,-1.7,-1.7,-1.7,1,3.01802,1.31996,-1.13128,-0.942625,-0.942912,0.942677,-2,-1.23914,1.06202,0.884913,0.885182,-0.884962,
1.772e+09,1772003267242139565,1,96.603,2.22874,0,1,0.0652997,-2.24476,-1.15533,-1.25615,-1.25509,0.555421,0.83345,0.652452,-0.653635,-0.66329,-0.6527,0.65513,2,-1.6,-1.7,-1.7,-1.7,1,2.9347,1.21512,-1.0265,-0.836486,-0.838493,0.83786,-2,-1.14073,0.963653,0.785273,0.787156,-0.786563,
1.772e+09,1772003267466927984,1,71.384,1.50228,0,1,0.395312,-1.9835,-1.39199,-1.46487,-1.46314,0.76363,1.83018,1.21519,-1.0265,-0.835702,-0.838371,0.837776,2,-1.6,-1.7,-1.7,-1.7,1,2.60469,0.722757,-0.580473,-0.443131,-0.446393,0.445468,-2,-0.678506,0.544934,0.416001,0.419063,-0.418196,
1.772e+09,1772003267689249894,1,43.732,0.732908,0,1,0.98425,-1.73055,-1.59962,-1.627,-1.6268,0.927065,2.60472,0.722786,-0.580473,-0.442664,-0.447854,0.445721,2,-1.6,-1.7,-1.7,-1.7,1,1.91429,0.246042,-0.189171,-0.137574,-0.137961,0.137454,-1.79708,-0.230978,0.177589,0.129151,0.129514,-0.129037,
1.772e+09,1772003267958479246,1,62.922,0.267583,0,1,1.54451,-1.62084,-1.6824,-1.68563,-1.68683,0.986311,1.9143,0.246025,-0.189171,-0.138042,-0.137524,0.137337,2,-1.6,-1.7,-1.7,-1.7,1,0.858419,0.0392846,-0.033177,-0.0270772,-0.0248302,0.0257986,-0.805865,-0.0368794,0.0311458,0.0254192,0.0233107,-0.0242191,
1.772e+09,1772003268234980432,1,89.381,2.39142,0,0,1.96253,-1.59116,-1.70469,-1.70187,-1.70269,1.00221,1.18572,0.0392627,-0.033177,-0.0275198,-0.0257058,0.0259048,0,-2.3,-1.1,-1.2,-1.2,0.5,-2.96253,-1.3359,1.13961,0.94584,0.947376,-0.946471,2,1.25411,-1.06984,-0.887931,-0.889373,0.888524,
1.772e+09,1772003268448555595,1,52.983,2.43475,0,0,2.13796,-1.62929,-1.66509,-1.66148,-1.66286,0.961037,0.244975,-0.574209,0.580156,0.583583,0.566518,-0.584074,0,-2.3,-1.1,-1.2,-1.2,0.5,-3.06898,-1.26403,1.06498,0.869705,0.87231,-0.868877,2,1.18664,-0.999778,-0.816458,-0.818903,0.815681,
1.772e+09,1772003268726998933,1,81.485,1.80265,0,0,2.06845,-1.89256,-1.42272,-1.44955,-1.45254,0.749832,-0.770226,-1.26397,1.06498,0.870425,0.872048,-0.868902,0,-2.3,-1.1,-1.2,-1.2,0.5,-3.03423,-0.767859,0.608212,0.470301,0.475943,-0.470837,2,0.720847,-0.570975,-0.441507,-0.446804,0.44201,
1.772e+09,1772003268988365134,1,92.829,1.1254,0,0,1.75711,-2.15512,-1.20757,-1.27965,-1.28173,0.579867,-1.74762,-0.767821,0.608212,0.470316,0.474338,-0.470621,0,-2.3,-1.1,-1.2,-1.2,0.5,-2.75711,-0.273037,0.202723,0.1501,0.154033,-0.150518,2,0.256321,-0.190312,-0.140911,-0.144602,0.141303,
1.772e+09,1772003269235108539,1,89.599,0.597713,0,0,1.18112,-2.30361,-1.09579,-1.19757,-1.19841,0.497536,-2.75711,-0.273044,0.202723,0.150022,0.153822,-0.150471,0,-2.3,-1.1,-1.2,-1.2,0.5,-2.18112,0.00680186,-0.00793795,-0.00457477,-0.00300193,0.00464296,2,-0.00638542,0.00745195,0.00429468,0.00281814,-0.0043587,
1.772e+09,1772003269458625391,1,63.045,0.335392,0,0,0.550846,-2.33739,-1.07285,-1.18159,-1.18158,0.481435,-2.18112,0.00680053,-0.00793795,-0.00463559,-0.00301426,0.00466464,0,-2.3,-1.1,-1.2,-1.2,0.5,-1.03813,0.0704673,-0.0511727,-0.0347001,-0.0347091,0.0349884,0.974573,-0.0661522,0.0480396,0.0325755,0.032584,-0.0328464,
1.772e+09,1772003269703577349,1,58.037,0.0712154,0,0,0.0649812,-2.32442,-1.08265,-1.18824,-1.18797,0.488115,-1.45298,0.0704285,-0.0511727,-0.0346854,-0.0337424,0.0348507,0,-2.3,-1.1,-1.2,-1.2,0.5,-0.122464,0.0460246,-0.0326979,-0.0221654,-0.022677,0.0223986,0.114967,-0.0432068,0.030696,0.0208086,0.021289,-0.0210273,
1.772e+09,1772003269958117980,1,62.553,0.10194,0,0,-0.167094,-2.31156,-1.09184,-1.19447,-1.19409,0.494378,-0.456529,0.0459916,-0.0326979,-0.0221289,-0.0217086,0.0222562,0,-2.3,-1.1,-1.2,-1.2,0.5,0.314908,0.0217976,-0.0153724,-0.0104294,-0.0111365,0.0105933,-0.295628,-0.0204661,0.0144313,0.00979087,0.0104547,-0.00994339,
1.772e+09,1772003270209254456,1,63.739,0.0867694,0,0,-0.159619,-2.30429,-1.09698,-1.19794,-1.19757,0.497883,0.314914,0.0218003,-0.0153724,-0.0105045,-0.01095,0.0105984,0,-2.3,-1.1,-1.2,-1.2,0.5,0.30082,0.00808774,-0.00569587,-0.00387656,-0.0045829,0.00398973,-0.282402,-0.00759257,0.00534714,0.00363835,0.00430295,-0.00374546,
1.772e+09,1772003270447355869,1,51.763,0.0445611,0,0,-0.0846683,-2.30133,-1.09906,-1.19937,-1.19911,0.499331,0.300825,0.00809007,-0.00569587,-0.00393699,-0.00436994,0.00398662,0,-2.3,-1.1,-1.2,-1.2,0.5,0.159568,0.00250821,-0.00176521,-0.00118303,-0.00167599,0.00126119,-0.149799,-0.00235464,0.00165714,0.0011106,0.00157338,-0.00118398,
1.772e+09,1772003270724597494,1,79.089,2.43042,0,1,-0.0331292,-2.30034,-1.09976,-1.19985,-1.19972,0.499824,0.159569,0.00250864,-0.00176521,-0.0011946,-0.00158305,0.00125454,2,-1.6,-1.7,-1.7,-1.7,1,3.01656,1.31988,-1.13123,-0.942597,-0.94284,0.942639,-2,-1.23907,1.06197,0.884887,0.885115,-0.884927,
1.772e+09,1772003270989180496,1,93.616,2.23447,0,1,0.0599912,-2.24599,-1.1541,-1.2549,-1.25386,0.554197,0.811069,0.65218,-0.653457,-0.663343,-0.651925,0.654958,2,-1.6,-1.7,-1.7,-1.7,1,2.94001,1.21744,-1.02881,-0.838835,-0.840812,0.840167,-2,-1.14291,0.965822,0.787477,0.789333,-0.788728,
1.772e+09,1772003271238525076,1,93.003,1.4848,0,1,0.397971,-1.97532,-1.39893,-1.47058,-1.46886,0.769385,1.82698,1.21751,-1.02881,-0.838037,-0.840684,0.840084,2,-1.6,-1.7,-1.7,-1.7,1,2.60203,0.707338,-0.567399,-0.432361,-0.435611,0.434621,-2,-0.664032,0.53266,0.40589,0.408941,-0.408012,
1.772e+09,1772003271438413904,1,42.916,0.718939,0,1,0.965839,-1.71985,-1.60939,-1.63564,-1.63534,0.935763,2.60206,0.70737,-0.567399,-0.431839,-0.436965,0.434864,2,-1.6,-1.7,-1.7,-1.7,1,1.949,0.225868,-0.170757,-0.121299,-0.121863,0.121062,-1.82967,-0.212039,0.160303,0.113873,0.114402,-0.11365,
1.772e+09,1772003271695775131,1,50.263,0.242757,0,1,1.54724,-1.60924,-1.69241,-1.69406,-1.69522,0.994793,1.94901,0.225853,-0.170757,-0.121737,-0.121275,0.120919,2,-1.6,-1.7,-1.7,-1.7,1,0.853276,0.017408,-0.0143124,-0.0111877,-0.00900696,0.00981336,-0.801035,-0.0163422,0.0134362,0.0105028,0.00845399,-0.00921276,
1.772e+09,1772003271966733174,1,71.099,2.39262,0,0,1.952,-1.58836,-1.70732,-1.70438,-1.70517,1.00474,1.18207,0.0173853,-0.0143124,-0.0116475,-0.00988267,0.00991708,0,-2.3,-1.1,-1.2,-1.2,0.5,-2.952,-1.34116,1.14457,0.950554,0.952053,-0.951233,2,1.25905,-1.07449,-0.892357,-0.893764,0.892994,
1.772e+09,1772003272221343708,1,75.832,2.38065,0,0,2.12056,-1.64555,-1.64939,-1.64632,-1.64815,0.945975,0.166097,-0.67257,0.675688,0.680023,0.657347,-0.676175,0,-2.3,-1.1,-1.2,-1.2,0.5,-3.06028,-1.2334,1.03538,0.841136,0.844599,-0.840492,2,1.15788,-0.971994,-0.789638,-0.792889,0.789033,
1.772e+09,1772003272457895527,1,62.336,1.73958,0,0,2.03633,-1.91155,-1.40966,-1.43709,-1.44081,0.73775,-0.829932,-1.23334,1.03538,0.841799,0.844337,-0.840518,0,-2.3,-1.1,-1.2,-1.2,0.5,-3.01817,-0.732074,0.583584,0.446827,0.453827,-0.448068,2,0.687253,-0.547855,-0.41947,-0.426041,0.420635,
1.772e+09,1772003272736239112,1,90.735,1.0841,0,0,1.69356,-2.16384,-1.20453,-1.27705,-1.27944,0.577467,-1.84572,-0.732055,0.583584,0.446884,0.453339,-0.448013,0,-2.3,-1.1,-1.2,-1.2,0.5,-2.69355,-0.256616,0.197007,0.145207,0.149711,-0.145996,1.99999,0.240905,-0.184946,-0.136317,-0.140544,0.137058,
1.772e+09,1772003272962593118,1,67.055,0.564702,0,0,1.1177,-2.29875,-1.10207,-1.20257,-1.20326,0.502549,-2.69355,-0.256643,0.197007,0.145038,0.149607,-0.145943,0,-2.3,-1.1,-1.2,-1.2,0.5,-2.1064,-0.00235218,0.00389681,0.00484249,0.00615121,-0.0048043,1.97739,0.00220817,-0.00365823,-0.00454601,-0.00577469,0.0045103,
1.772e+09,1772003273211614853,1,66.106,0.287568,0,0,0.495697,-2.32644,-1.08197,-1.18844,-1.18832,0.488276,-2.1064,-0.00236343,0.00389681,0.00473924,0.00614483,-0.00477458,0,-2.3,-1.1,-1.2,-1.2,0.5,-0.934198,0.0498341,-0.0339805,-0.0217841,-0.0220161,0.0220962,0.877003,-0.046783,0.0319006,0.0204488,0.0206668,-0.0207435,
1.772e+09,1772003273486678908,1,91.11,2.40687,0,1,0.0415851,-2.31809,-1.08756,-1.19189,-1.19156,0.491754,-1.39743,0.0497927,-0.0339805,-0.0217847,-0.0210402,0.0219611,2,-1.6,-1.7,-1.7,-1.7,1,2.95841,1.35333,-1.15421,-0.957584,-0.95822,0.957843,-2,-1.27047,1.08354,0.898956,0.899554,-0.899195,
1.772e+09,1772003273719159296,1,73.63,2.44978,0,1,-0.181779,-2.25664,-1.14515,-1.24716,-1.24555,0.546423,-0.381866,0.66126,-0.647314,-0.644294,-0.63067,0.636849,2,-1.6,-1.7,-1.7,-1.7,1,3.09089,1.23752,-1.04567,-0.853435,-0.85647,0.854818,-2,-1.16175,0.98165,0.801183,0.804033,-0.802482,
1.772e+09,1772003273979821228,1,84.238,1.85809,0,1,-0.150536,-1.99176,-1.38392,-1.45548,-1.45293,0.754206,0.614803,1.23757,-1.04567,-0.852856,-0.856405,0.854755,2,-1.6,-1.7,-1.7,-1.7,1,3.07527,0.738326,-0.595681,-0.460828,-0.465628,0.463227,-2,-0.693122,0.55921,0.432611,0.43712,-0.434867,
1.772e+09,1772003274240952273,1,95.384,1.15733,0,1,0.137655,-1.72884,-1.60041,-1.62564,-1.62479,0.925686,1.63129,0.738372,-0.595681,-0.459978,-0.464898,0.463146,2,-1.6,-1.7,-1.7,-1.7,1,2.86234,0.242809,-0.187693,-0.140148,-0.141747,0.140053,-1.99999,-0.227943,0.176201,0.131568,0.133068,-0.131478,
1.772e+09,1772003274485491562,1,89.941,0.681315,0,1,0.663951,-1.59079,-1.70658,-1.70314,-1.70338,1.00426,2.62899,0.242816,-0.187693,-0.140065,-0.140661,0.139873,2,-1.6,-1.7,-1.7,-1.7,1,2.33605,-0.017361,0.0124088,0.00592198,0.00637765,-0.00802326,-2,0.0162981,-0.0116491,-0.00555941,-0.00598718,0.00753204,
1.772e+09,1772003274709855487,1,64.333,0.393342,0,1,1.33744,-1.56125,-1.72802,-1.71885,-1.71905,1.01946,2.33605,-0.0173779,0.0124088,0.00545738,0.00719343,-0.00822199,2,-1.6,-1.7,-1.7,-1.7,1,1.24866,-0.0730344,0.0527975,0.0355222,0.0358977,-0.036681,-1.17221,0.0685629,-0.0495651,-0.0333474,-0.0336999,0.0344352,
1.772e+09,1772003274963085956,1,67.49,0.116239,0,1,1.84795,-1.57504,-1.71799,-1.71242,-1.71253,1.01253,1.62632,-0.0730596,0.0527975,0.0349921,0.0351278,-0.0366051,2,-1.6,-1.7,-1.7,-1.7,1,0.286562,-0.047038,0.03391,0.023407,0.0236059,-0.0236072,-0.269018,0.0441581,-0.0318331,-0.0219737,-0.0221608,0.0221618,
1.772e+09,1772003275204289629,1,58.77,0.0826659,0,1,2.12939,-1.58901,-1.70796,-1.70567,-1.70576,1.00556,0.61004,-0.0470567,0.03391,0.0230377,0.0227028,-0.0234895,2,-1.6,-1.7,-1.7,-1.7,1,-0.243852,-0.020714,0.014998,0.0106902,0.0108528,-0.0104796,0.228922,0.0194452,-0.0140797,-0.0100357,-0.0101883,0.00983802,
1.772e+09,1772003275448135306,1,52.549,0.0856324,0,1,2.15698,-1.59578,-1.70309,-1.70233,-1.70246,1.00218,-0.243841,-0.0207399,0.0150134,0.0106902,0.0108459,-0.0104784,2,-1.6,-1.7,-1.7,-1.7,1,-0.295847,-0.00795194,0.00582124,0.00439323,0.00463775,-0.00411678,0.277734,0.0074651,-0.00546484,-0.00412425,-0.0043538,0.00386473,
1.772e+09,1772003275711836591,1,66.343,0.0450668,0,1,2.08523,-1.59861,-1.70103,-1.70083,-1.70091,1.00075,-0.29586,-0.00799871,0.00584963,0.00439323,0.00462597,-0.00408283,2,-1.6,-1.7,-1.7,-1.7,1,-0.160612,-0.00262054,0.00194108,0.00156246,0.00171582,-0.0014092,0.150768,0.0024601,-0.00182225,-0.0014668,-0.0016141,0.00132291,
1.772e+09,1772003275974823521,1,79.248,2.43154,0,0,2.0343,-1.59963,-1.70028,-1.70024,-1.70025,1.00021,-0.160566,-0.00261576,0.00194108,0.00149948,0.00167294,-0.00140648,0,-2.3,-1.1,-1.2,-1.2,0.5,-3.01715,-1.31992,1.13129,0.942766,0.942784,-0.942696,2,1.2391,-1.06202,-0.885046,-0.885065,0.884977,
1.772e+09,1772003276236597647,1,91.06,2.22322,0,0,1.93517,-1.65862,-1.64148,-1.64186,-1.64451,0.94203,-0.831458,-0.673352,0.672774,0.675709,0.639223,-0.666389,0,-2.3,-1.1,-1.2,-1.2,0.5,-2.93517,-1.20876,1.02049,0.832746,0.837732,-0.833057,2,1.13475,-0.95801,-0.781779,-0.786438,0.782054,
1.772e+09,1772003276491414768,1,95.837,1.49658,0,0,1.60571,-1.92198,-1.40398,-1.43282,-1.43838,0.734247,-1.82748,-1.2087,1.02049,0.833351,0.836793,-0.832979,0,-2.3,-1.1,-1.2,-1.2,0.5,-2.60571,-0.712413,0.572886,0.438782,0.44926,-0.441465,2,0.668796,-0.537809,-0.411918,-0.421754,0.414436,
1.772e+09,1772003276703628234,1,58.097,0.705078,0,0,1.01731,-2.18486,-1.18743,-1.26178,-1.26574,0.562758,-2.60571,-0.712449,0.572886,0.438477,0.448834,-0.441344,0,-2.3,-1.1,-1.2,-1.2,0.5,-1.91723,-0.216999,0.164767,0.116439,0.123892,-0.118275,1.79985,0.203714,-0.15468,-0.109311,-0.116307,0.111033,
1.772e+09,1772003276966097739,1,70.515,0.229042,0,0,0.44689,-2.29775,-1.10241,-1.20163,-1.20308,0.501837,-1.91723,-0.217016,0.164767,0.11626,0.123618,-0.118193,0,-2.3,-1.1,-1.2,-1.2,0.5,-0.842215,-0.00423375,0.00453256,0.00307465,0.00579541,-0.00346282,0.790651,0.00397454,-0.00425508,-0.00288641,-0.00544059,0.00325223,
1.772e+09,1772003277237918539,1,92.417,2.41876,0,1,0.0245014,-2.32043,-1.08607,-1.19076,-1.1909,0.490673,-1.20825,-0.00426928,0.00453256,0.00309897,0.00674774,-0.00360037,2,-1.6,-1.7,-1.7,-1.7,1,2.9755,1.35774,-1.15702,-0.959723,-0.959465,0.959886,-2,-1.27461,1.08618,0.900964,0.900722,-0.901118,
1.772e+09,1772003277467915974,1,72.374,2.45896,0,1,-0.153015,-2.27675,-1.12984,-1.23563,-1.23396,0.534821,-0.248198,0.588075,-0.589634,-0.600171,-0.584123,0.592206,2,-1.6,-1.7,-1.7,-1.7,1,3.07651,1.27541,-1.07453,-0.875162,-0.878303,0.876684,-2,-1.19732,1.00874,0.82158,0.824529,-0.82301,
1.772e+09,1772003277720711570,1,75.186,1.82051,0,1,-0.0842791,-2.0102,-1.37463,-1.45025,-1.44729,0.748713,0.767559,1.27546,-1.07453,-0.874568,-0.878244,0.876618,2,-1.6,-1.7,-1.7,-1.7,1,3.04214,0.773065,-0.613204,-0.470691,-0.47627,0.473579,-2,-0.725734,0.575661,0.441874,0.44711,-0.444584,
1.772e+09,1772003277994940555,1,99.392,1.14211,0,1,0.22963,-1.74984,-1.58744,-1.61662,-1.61545,0.916471,1.76488,0.773113,-0.613204,-0.469819,-0.475568,0.473498,2,-1.6,-1.7,-1.7,-1.7,1,2.77037,0.282385,-0.212123,-0.157144,-0.159351,0.15742,-2,-0.265096,0.199136,0.147523,0.149595,-0.147782,
1.772e+09,1772003278228530165,1,83.037,0.603102,0,1,0.810134,-1.59518,-1.70456,-1.70185,-1.70214,1.00297,2.77038,0.282377,-0.212123,-0.15744,-0.157937,0.157145,2,-1.6,-1.7,-1.7,-1.7,1,2.18968,-0.00909256,0.00859238,0.00348881,0.00402492,-0.00559185,-1.99963,0.00853587,-0.00806631,-0.00327521,-0.00377849,0.00524949,
1.772e+09,1772003278464622277,1,69.099,0.340805,0,1,1.44078,-1.56157,-1.72773,-1.7184,-1.71878,1.01905,2.18968,-0.00910795,0.00859238,0.0030682,0.00472904,-0.00576556,2,-1.6,-1.7,-1.7,-1.7,1,1.05393,-0.0724336,0.0522517,0.0346862,0.0353863,-0.0358959,-0.989423,0.0679983,-0.0490527,-0.0325625,-0.0332162,0.0336982,
1.772e+09,1772003278698533045,1,53.015,0.0738877,0,1,1.93228,-1.57474,-1.71795,-1.71217,-1.71237,1.0123,1.48006,-0.0724558,0.0522517,0.0342252,0.0346087,-0.0358108,2,-1.6,-1.7,-1.7,-1.7,1,0.127631,-0.0476065,0.0338207,0.0229421,0.0233196,-0.0231728,-0.119817,0.0446837,-0.0317504,-0.0215382,-0.0218922,0.0217531,
1.772e+09,1772003278958360854,1,62.855,0.104781,0,1,2.171,-1.58792,-1.70856,-1.70595,-1.70609,1.00587,0.482998,-0.047626,0.0338207,0.0225554,0.0223981,-0.0230537,2,-1.6,-1.7,-1.7,-1.7,1,-0.322275,-0.0227748,0.016125,0.0112182,0.0114806,-0.0110685,0.302543,0.0213804,-0.0151377,-0.0105313,-0.0107777,0.0103909,
1.772e+09,1772003279197498606,1,51.983,0.0914731,0,1,2.16818,-1.59549,-1.7032,-1.70235,-1.70249,1.00222,-0.322273,-0.0228243,0.016157,0.0112182,0.0114685,-0.0110488,2,-1.6,-1.7,-1.7,-1.7,1,-0.316948,-0.00849542,0.0060361,0.00442415,0.004693,-0.00418852,0.297543,0.00797641,-0.00566656,-0.00415328,-0.00440567,0.00393264,
1.772e+09,1772003279455744894,1,60.24,0.0477314,0,1,2.08997,-1.59837,-1.70116,-1.7009,-1.70097,1.00083,-0.316964,-0.00854955,0.00606944,0.00442415,0.00467955,-0.00414729,2,-1.6,-1.7,-1.7,-1.7,1,-0.169557,-0.00307425,0.00219467,0.00169163,0.00182979,-0.00156305,0.159176,0.00288306,-0.00205959,-0.00158779,-0.00171777,0.00147107,
1.772e+09,1772003279722089251,1,76.486,2.43198,0,0,2.03462,-1.59951,-1.70035,-1.70028,-1.70028,1.00025,-0.169506,-0.00306893,0.00219467,0.00162243,0.00179276,-0.00156182,0,-2.3,-1.1,-1.2,-1.2,0.5,-3.01731,-1.32015,1.13143,0.942841,0.942841,-0.942784,2,1.23932,-1.06216,-0.885116,-0.885116,0.885063,
1.772e+09,1772003279990953628,1,95.432,2.22656,0,0,1.93583,-1.65739,-1.64271,-1.64306,-1.64566,0.943238,-0.840369,-0.673802,0.673028,0.675823,0.638938,-0.666469,0,-2.3,-1.1,-1.2,-1.2,0.5,-2.93583,-1.21108,1.0228,0.835002,0.839904,-0.835334,2,1.13693,-0.960177,-0.783879,-0.788481,0.784191,
1.772e+09,1772003280237546009,1,92.063,1.47071,0,0,1.59047,-1.93021,-1.39602,-1.42609,-1.43157,0.727475,-1.85555,-1.21102,1.0228,0.835596,0.838974,-0.83526,0,-2.3,-1.1,-1.2,-1.2,0.5,-2.59047,-0.6969,0.557887,0.426105,0.436419,-0.428702,2,0.654226,-0.523731,-0.400038,-0.409698,0.402455,
1.772e+09,1772003280456532421,1,61.03,0.710515,0,0,1.01818,-2.18164,-1.18933,-1.26352,-1.26727,0.56437,-2.59048,-0.696941,0.557887,0.425768,0.43601,-0.428577,0,-2.3,-1.1,-1.2,-1.2,0.5,-1.91888,-0.22307,0.168354,0.119706,0.126776,-0.121312,1.8014,0.209418,-0.158047,-0.112377,-0.119015,0.113885,
1.772e+09,1772003280716007562,1,70.517,0.221535,0,0,0.430844,-2.29703,-1.10241,-1.20181,-1.20309,0.501942,-1.91888,-0.223088,0.168354,0.119523,0.126494,-0.121228,0,-2.3,-1.1,-1.2,-1.2,0.5,-0.811976,-0.00560279,0.00453881,0.00341075,0.0058258,-0.00366079,0.762263,0.0052598,-0.00426092,-0.00320196,-0.00546894,0.00343666,
1.772e+09,1772003280993643677,1,98.079,2.42092,0,1,0.0194768,-2.32006,-1.08606,-1.19091,-1.19098,0.490787,-1.22907,-0.00564122,0.00453881,0.0034218,0.00678263,-0.00379598,2,-1.6,-1.7,-1.7,-1.7,1,2.98052,1.35703,-1.15704,-0.959434,-0.959303,0.95967,-2,-1.27394,1.08621,0.900694,0.90057,-0.900915,
1.772e+09,1772003281216664526,1,71.179,2.46408,0,1,-0.161785,-2.27564,-1.1309,-1.23678,-1.23505,0.53596,-0.217975,0.586711,-0.589628,-0.599472,-0.584418,0.59193,2,-1.6,-1.7,-1.7,-1.7,1,3.08089,1.27333,-1.07253,-0.872997,-0.876254,0.874537,-2,-1.19537,1.00686,0.819549,0.822605,-0.820994,
1.772e+09,1772003281475388757,1,79.837,1.84371,0,1,-0.0902576,-2.01892,-1.3673,-1.44357,-1.4409,0.742202,0.77862,1.27338,-1.07253,-0.872416,-0.876199,0.87447,2,-1.6,-1.7,-1.7,-1.7,1,3.04513,0.789504,-0.627014,-0.483267,-0.488308,0.48585,-2,-0.741168,0.588625,0.453678,0.458411,-0.456104,
1.772e+09,1772003281738892986,1,93.407,1.13496,0,1,0.239569,-1.74846,-1.58875,-1.61707,-1.61613,0.91702,1.79511,0.789553,-0.627014,-0.482368,-0.487616,0.485772,2,-1.6,-1.7,-1.7,-1.7,1,2.76043,0.279783,-0.209655,-0.1563,-0.158069,0.156385,-2,-0.262654,0.196819,0.146731,0.148391,-0.146811,
1.772e+09,1772003281981039006,1,85.474,0.599613,0,1,0.805938,-1.59819,-1.7022,-1.69963,-1.69996,1.00074,2.76043,0.279764,-0.209655,-0.156783,-0.157617,0.156258,2,-1.6,-1.7,-1.7,-1.7,1,2.19406,-0.003414,0.00415356,-0.000704521,-6.93247e-05,-0.00139013,-2,0.00320498,-0.00389926,0.000661387,6.50805e-05,0.00130502,
1.772e+09,1772003282214042688,1,68.564,0.33078,0,1,1.45636,-1.56264,-1.72675,-1.71761,-1.71798,1.01822,2.19406,-0.00342938,0.00415356,-0.00112367,0.000627394,-0.00156203,2,-1.6,-1.7,-1.7,-1.7,1,1.02456,-0.0704086,0.0504149,0.0331854,0.0338805,-0.0343378,-0.961834,0.0660979,-0.0473283,-0.0311536,-0.0318062,0.0322354,
1.772e+09,1772003282451894074,1,56.332,0.0724933,0,1,1.93531,-1.57457,-1.71797,-1.71219,-1.71239,1.01231,1.50357,-0.070432,0.0504149,0.0326986,0.0330957,-0.0342543,2,-1.6,-1.7,-1.7,-1.7,1,0.121914,-0.0479197,0.0338715,0.0229802,0.0233476,-0.0232084,-0.11445,0.0449857,-0.0317978,-0.0215732,-0.021916,0.0217875,
1.772e+09,1772003282696116230,1,50.581,0.111608,0,1,2.18556,-1.58818,-1.70833,-1.70582,-1.70595,1.00574,0.487331,-0.0479383,0.0338715,0.022614,0.0224374,-0.0230891,2,-1.6,-1.7,-1.7,-1.7,1,-0.349699,-0.0223058,0.015696,0.0109703,0.0112139,-0.0108098,0.328288,0.020966,-0.0147326,-0.010298,-0.0105234,0.0101479,
1.772e+09,1772003282958607661,1,63.081,0.0998489,0,1,2.18363,-1.59511,-1.70349,-1.70255,-1.70271,1.00243,-0.349703,-0.0223661,0.0157345,0.0109703,0.0111991,-0.0107787,2,-1.6,-1.7,-1.7,-1.7,1,-0.346076,-0.00921976,0.00656888,0.00481203,0.00509962,-0.0045763,0.324888,0.00865528,-0.00616683,-0.00451647,-0.00478739,0.00429571,
1.772e+09,1772003283207844155,1,62.306,0.0512291,0,1,2.09685,-1.59836,-1.70119,-1.70092,-1.701,1.00085,-0.346099,-0.00928496,0.0066097,0.00481203,0.00508367,-0.00452391,2,-1.6,-1.7,-1.7,-1.7,1,-0.18253,-0.00309992,0.00223762,0.00173438,0.00188515,-0.00160759,0.171354,0.00290992,-0.00210067,-0.00162819,-0.00176973,0.00150947,
1.772e+09,1772003283459101255,1,63.47,2.43394,0,0,2.03686,-1.59957,-1.70032,-1.70027,-1.70026,1.00024,-0.182472,-0.00309378,0.00223762,0.00165465,0.00186531,-0.0016102,0,-2.3,-1.1,-1.2,-1.2,0.5,-3.01843,-1.32005,1.13137,0.94281,0.942806,-0.942757,2,1.23923,-1.0621,-0.885087,-0.885083,0.885037,
1.772e+09,1772003283750907411,1,105.407,2.1912,0,0,1.92195,-1.66889,-1.63123,-1.63153,-1.63472,0.931872,-0.910796,-0.731201,0.730571,0.73596,0.694475,-0.723534,0,-2.3,-1.1,-1.2,-1.2,0.5,-2.92195,-1.1894,1.00116,0.813267,0.819273,-0.813912,2,1.11658,-0.939866,-0.763475,-0.769113,0.764081,
1.772e+09,1772003283987325437,1,91.791,1.4453,0,0,1.57298,-1.93674,-1.38773,-1.41996,-1.42535,0.721317,-1.90685,-1.18935,1.00116,0.813752,0.818357,-0.813831,0,-2.3,-1.1,-1.2,-1.2,0.5,-2.57298,-0.684609,0.542255,0.414546,0.424693,-0.417098,2,0.642694,-0.509056,-0.389166,-0.398691,0.391561,
1.772e+09,1772003284211833651,1,66.367,0.666089,0,0,0.972977,-2.19206,-1.17874,-1.25608,-1.25957,0.556874,-2.57299,-0.684649,0.542255,0.414223,0.424305,-0.416978,0,-2.3,-1.1,-1.2,-1.2,0.5,-1.83369,-0.20342,0.148387,0.105691,0.112271,-0.107185,1.72142,0.190966,-0.139302,-0.0992205,-0.105398,0.100622,
1.772e+09,1772003284457002553,1,61.463,0.208866,0,0,0.40416,-2.30356,-1.09626,-1.19751,-1.19862,0.497601,-1.86404,-0.203459,0.148387,0.105676,0.113178,-0.107307,0,-2.3,-1.1,-1.2,-1.2,0.5,-0.761687,0.00671427,-0.00705102,-0.00468503,-0.00260424,0.00452579,0.715053,-0.00630309,0.00661933,0.00439819,0.00244479,-0.00425309,
1.772e+09,1772003284743514238,1,98.041,2.43137,0,1,0.00655345,-2.322,-1.08425,-1.18953,-1.18953,0.489399,-1.10554,0.00667922,-0.00705102,-0.00465685,-0.0016536,0.0043874,2,-1.6,-1.7,-1.7,-1.7,1,2.99345,1.3607,-1.16046,-0.962046,-0.962034,0.962287,-2,-1.27739,1.08941,0.903145,0.903134,-0.903372,
1.772e+09,1772003284969353978,1,73.779,2.46303,0,1,-0.152108,-2.27841,-1.12807,-1.23346,-1.23191,0.532709,-0.186835,0.579914,-0.582051,-0.588432,-0.573761,0.581,2,-1.6,-1.7,-1.7,-1.7,1,3.07605,1.27854,-1.07787,-0.879256,-0.882171,0.880664,-2,-1.20027,1.01188,0.825424,0.828161,-0.826746,
1.772e+09,1772003285232283582,1,86.733,1.81184,0,1,-0.0677759,-2.01298,-1.37238,-1.44766,-1.44498,0.746267,0.828913,1.2786,-1.07787,-0.878667,-0.882115,0.880598,2,-1.6,-1.7,-1.7,-1.7,1,3.03389,0.778318,-0.617436,-0.475566,-0.480607,0.478189,-2,-0.730666,0.579637,0.446449,0.451183,-0.448913,
1.772e+09,1772003285467425351,1,71.868,1.11953,0,1,0.261135,-1.74688,-1.59062,-1.61905,-1.61804,0.918967,1.82623,0.778365,-0.617436,-0.474687,-0.479908,0.478111,2,-1.6,-1.7,-1.7,-1.7,1,2.73887,0.276816,-0.206135,-0.152563,-0.154463,0.152716,-2,-0.259868,0.193514,0.143223,0.145006,-0.143366,
1.772e+09,1772003285700316873,1,54.812,0.582347,0,1,0.855527,-1.60545,-1.69662,-1.69575,-1.69609,0.996774,2.73886,0.276794,-0.206135,-0.153085,-0.154032,0.152591,2,-1.6,-1.7,-1.7,-1.7,1,2.14446,0.0102695,-0.00637356,-0.00800822,-0.00737669,0.00607915,-1.99998,-0.00964077,0.00598335,0.00751792,0.00692506,-0.005707,
1.772e+09,1772003285937115421,1,41.627,0.301431,0,1,1.46132,-1.57856,-1.71487,-1.709,-1.70934,1.00953,2.14446,0.0102537,-0.00637356,-0.00842403,-0.00673704,0.00592167,2,-1.6,-1.7,-1.7,-1.7,1,1.01521,-0.0404076,0.0280325,0.0169579,0.0176006,-0.0179548,-0.953053,0.0379336,-0.0263163,-0.0159196,-0.016523,0.0168554,
1.772e+09,1772003286187433407,1,41.953,0.0614929,0,1,1.91903,-1.58612,-1.70953,-1.7061,-1.7063,1.0062,1.3198,-0.0404295,0.0280325,0.0165105,0.0167773,-0.0178592,2,-1.6,-1.7,-1.7,-1.7,1,0.152616,-0.0261594,0.0179692,0.0114987,0.0118702,-0.0116818,-0.143282,0.0245578,-0.016872,-0.0107977,-0.0111425,0.0109666,
1.772e+09,1772003286471736611,1,76.226,0.069595,0,1,2.11828,-1.59321,-1.70465,-1.70312,-1.70328,1.00306,0.322759,-0.0261789,0.0179692,0.0111154,0.0109348,-0.0115596,2,-1.6,-1.7,-1.7,-1.7,1,-0.222908,-0.0128,0.00877208,0.00589464,0.00618778,-0.00576218,0.209261,0.0120163,-0.00823502,-0.0055417,-0.00580648,0.0054094,
1.772e+09,1772003286711928575,1,66.408,0.0607369,0,1,2.1139,-1.59763,-1.70162,-1.70119,-1.70131,1.00109,-0.222903,-0.0128231,0.00878566,0.00589464,0.00618162,-0.00575632,2,-1.6,-1.7,-1.7,-1.7,1,-0.214665,-0.00445933,0.00305239,0.00224003,0.00246913,-0.00204784,0.201522,0.00418805,-0.00286551,-0.00210325,-0.00231796,0.00192247,
1.772e+09,1772003286960270608,1,64.722,0.0314081,0,1,2.06056,-1.59932,-1.70046,-1.7004,-1.70041,1.00031,-0.214644,-0.00447521,0.00305984,0.00224003,0.00246414,-0.00206049,2,-1.6,-1.7,-1.7,-1.7,1,-0.114126,-0.00127324,0.000871911,0.000748901,0.000774438,-0.000589614,0.107139,0.00119529,-0.000818527,-0.00070304,-0.000727014,0.000553536,
1.772e+09,1772003287225978328,1,80.437,2.42117,0,0,2.02328,-1.59987,-1.70009,-1.7001,-1.70006,1.00005,-0.114102,-0.00127078,0.000871911,0.00071495,0.000708182,-0.00058056,0,-2.3,-1.1,-1.2,-1.2,0.5,-3.01164,-1.31947,1.13093,0.942505,0.942426,-0.942409,2,1.23868,-1.06169,-0.884804,-0.884726,0.884711,
1.772e+09,1772003287487049333,1,91.575,2.2373,0,0,1.94131,-1.65411,-1.64597,-1.64631,-1.64868,0.946437,-0.765828,-0.652874,0.652539,0.655022,0.620251,-0.64663,0,-2.3,-1.1,-1.2,-1.2,0.5,-2.94131,-1.21725,1.02894,0.84112,0.845589,-0.841361,2,1.14273,-0.965943,-0.789624,-0.793816,0.789849,
1.772e+09,1772003287737818489,1,92.301,1.49466,0,0,1.6149,-1.92485,-1.40121,-1.43043,-1.43583,0.731811,-1.78101,-1.21719,1.02894,0.841756,0.844661,-0.84129,0,-2.3,-1.1,-1.2,-1.2,0.5,-2.6149,-0.707008,0.567667,0.434267,0.444441,-0.436875,2,0.663722,-0.532912,-0.407679,-0.41723,0.410128,
1.772e+09,1772003287961617015,1,66.136,0.731811,0,0,1.05554,-2.18027,-1.19071,-1.2643,-1.26815,0.565197,-2.6149,-0.707049,0.567667,0.433925,0.44402,-0.436748,0,-2.3,-1.1,-1.2,-1.2,0.5,-1.98928,-0.22564,0.170959,0.121176,0.128434,-0.122872,1.86749,0.211825,-0.160492,-0.113757,-0.120571,0.115349,
1.772e+09,1772003288209104199,1,63.608,0.231307,0,0,0.454701,-2.30236,-1.09818,-1.19826,-1.19961,0.498398,-1.98928,-0.225655,0.170959,0.120999,0.128137,-0.122786,0,-2.3,-1.1,-1.2,-1.2,0.5,-0.856937,0.00444352,-0.00343534,-0.00328207,-0.000738096,0.00301949,0.804472,-0.00417147,0.00322501,0.0030861,0.000692905,-0.0028345,
1.772e+09,1772003288487544785,1,92.034,2.41865,0,1,0.0328121,-2.32239,-1.0842,-1.18936,-1.18948,0.489235,-1.26116,0.00440458,-0.00343534,-0.0032719,0.000217242,0.00288454,2,-1.6,-1.7,-1.7,-1.7,1,2.96719,1.36144,-1.16054,-0.962358,-0.962129,0.962597,-2,-1.27809,1.08949,0.903438,0.903223,-0.903664,
1.772e+09,1772003288707268456,1,61.793,2.451,0,1,-0.155914,-2.27248,-1.13403,-1.23992,-1.23811,0.53906,-0.245576,0.615885,-0.616769,-0.625444,-0.609646,0.617734,2,-1.6,-1.7,-1.7,-1.7,1,3.07796,1.26737,-1.06664,-0.867067,-0.870493,0.868694,-2,-1.18977,1.00133,0.813981,0.817198,-0.815509,
1.772e+09,1772003288958320231,1,62.831,1.83269,0,1,-0.0911702,-2.01144,-1.37267,-1.44711,-1.44457,0.745821,0.751042,1.26742,-1.06664,-0.866484,-0.870436,0.868629,2,-1.6,-1.7,-1.7,-1.7,1,3.04559,0.775411,-0.6169,-0.476608,-0.481389,0.479029,-2,-0.727937,0.57913,0.447428,0.451916,-0.449701,
1.772e+09,1772003289234001034,1,88.51,1.1463,0,1,0.231647,-1.74993,-1.58588,-1.61351,-1.61273,0.913546,1.76753,0.775459,-0.6169,-0.47575,-0.480699,0.478947,2,-1.6,-1.7,-1.7,-1.7,1,2.76835,0.282552,-0.215077,-0.162996,-0.164465,0.162932,-2,-0.265253,0.201909,0.153017,0.154396,-0.152957,
1.772e+09,1772003289488986438,1,93.477,0.617221,0,1,0.791431,-1.60498,-1.69564,-1.69396,-1.69444,0.995057,2.76518,0.282557,-0.215077,-0.162955,-0.163394,0.162752,2,-1.6,-1.7,-1.7,-1.7,1,2.20857,0.00937621,-0.00820838,-0.0113836,-0.010476,0.00931499,-2,-0.00880216,0.00770583,0.0106866,0.00983464,-0.00874468,
1.772e+09,1772003289704917637,1,59.46,0.32784,0,1,1.44665,-1.56651,-1.72333,-1.71483,-1.71526,1.01542,2.20857,0.00935972,-0.00820838,-0.0118247,-0.00979798,0.00914502,2,-1.6,-1.7,-1.7,-1.7,1,1.04284,-0.0631242,0.0439691,0.0279447,0.0287577,-0.0290666,-0.978997,0.0592598,-0.0412771,-0.0262338,-0.026997,0.027287,
1.772e+09,1772003289948189240,1,52.639,0.074912,0,1,1.92239,-1.57677,-1.7162,-1.71082,-1.71104,1.01093,1.47974,-0.0631476,0.0439691,0.0274578,0.0279642,-0.0289813,2,-1.6,-1.7,-1.7,-1.7,1,0.146272,-0.0437788,0.0305217,0.0203858,0.0208102,-0.020592,-0.137317,0.0410984,-0.028653,-0.0191377,-0.019536,0.0193313,
1.772e+09,1772003290193412057,1,47.93,0.100463,0,1,2.16658,-1.58911,-1.7076,-1.70527,-1.70542,1.00518,0.4635,-0.0437974,0.0305217,0.0200196,0.0198969,-0.0204721,2,-1.6,-1.7,-1.7,-1.7,1,-0.314562,-0.0257757,0.0141915,0.0109539,0.0104059,-0.0097611,0.295974,0.0297762,-0.0131886,-0.0113709,-0.00997796,0.00916305,
1.772e+09,1772003290440008231,1,44.557,0.0877474,0,1,2.16163,-1.59635,-1.70329,-1.70218,-1.7025,1.00226,-0.314555,-0.0258209,0.0142234,0.0109539,0.0103956,-0.00974979,2,-1.6,-1.7,-1.7,-1.7,1,-0.304602,-0.0068696,0.0062013,0.00410105,0.00470839,-0.00425751,0.285953,0.00644901,-0.00582163,-0.00384996,-0.00442012,0.00399685,
1.772e+09,1772003290701049337,1,55.585,0.0442253,0,1,2.08366,-1.59914,-1.70127,-1.70077,-1.701,1.00089,-0.304618,-0.00691988,0.00623207,0.00410105,0.00469582,-0.0042188,2,-1.6,-1.7,-1.7,-1.7,1,-0.157675,-0.00162277,0.00240179,0.00144726,0.00187562,-0.00166974,0.148021,0.0015197,-0.00225532,-0.0013578,-0.00176079,0.00156751,
1.772e+09,1772003290950985707,1,55.362,2.43099,0,0,2.03362,-1.59987,-1.70044,-1.70024,-1.70033,1.00031,-0.157631,-0.00161825,0.00240179,0.00138371,0.00183827,-0.00166811,0,-2.3,-1.1,-1.2,-1.2,0.5,-3.01681,-1.31948,1.13161,0.942767,0.942922,-0.942894,2,1.2387,-1.06232,-0.885047,-0.885192,0.885166,
1.772e+09,1772003291236809180,1,91.273,2.17133,0,0,1.91776,-1.67608,-1.62405,-1.62423,-1.62797,0.924744,-0.924258,-0.767969,0.769068,0.775865,0.730653,-0.761467,0,-2.3,-1.1,-1.2,-1.2,0.5,-2.91776,-1.17585,0.987624,0.799502,0.806555,-0.800479,2,1.10386,-0.927157,-0.750553,-0.757174,0.75147,
1.772e+09,1772003291494246836,1,98.76,1.42519,0,0,1.56548,-1.94586,-1.38049,-1.41449,-1.41991,0.715868,-1.92032,-1.17581,0.987624,0.799951,0.805655,-0.800399,0,-2.3,-1.1,-1.2,-1.2,0.5,-2.56548,-0.667415,0.528636,0.404231,0.414446,-0.406827,2,0.626553,-0.496293,-0.379484,-0.389073,0.38192,
1.772e+09,1772003291705799692,1,60.327,0.643749,0,0,0.96509,-2.2025,-1.17048,-1.25003,-1.25351,0.550883,-2.56548,-0.667453,0.528636,0.403933,0.414077,-0.406714,0,-2.3,-1.1,-1.2,-1.2,0.5,-1.81881,-0.183756,0.132834,0.0942812,0.100849,-0.095895,1.70744,0.172505,-0.124702,-0.0885084,-0.0946743,0.0900239,
1.772e+09,1772003291948980818,1,53.457,0.213814,0,0,0.401552,-2.30737,-1.0934,-1.19556,-1.19665,0.495691,-1.83737,-0.183795,0.132834,0.0942691,0.101758,-0.0960177,0,-2.3,-1.1,-1.2,-1.2,0.5,-0.756771,0.0138964,-0.0124459,-0.00836132,-0.00631935,0.0081211,0.710438,-0.0130448,0.0116839,0.00784943,0.00593245,-0.00762389,
1.772e+09,1772003292242474051,1,97.018,2.42481,0,1,0.0150376,-2.32057,-1.08519,-1.19027,-1.19028,0.490166,-1.05234,0.0138615,-0.0124459,-0.00833276,-0.00536536,0.00798221,2,-1.6,-1.7,-1.7,-1.7,1,2.98496,1.35799,-1.15868,-0.960642,-0.960619,0.960841,-2,-1.27485,1.08774,0.901827,0.901806,-0.902014,
1.772e+09,1772003292475149159,1,79.68,2.43629,0,1,-0.135971,-2.27242,-1.13313,-1.23794,-1.23636,0.537163,-0.162759,0.606212,-0.606613,-0.611575,-0.596519,0.603805,2,-1.6,-1.7,-1.7,-1.7,1,3.06799,1.26726,-1.06832,-0.870805,-0.873783,0.87227,-2,-1.18967,1.00292,0.817491,0.820287,-0.818866,
1.772e+09,1772003292718796637,1,73.328,1.77516,0,1,-0.0455181,-2.00359,-1.37907,-1.45362,-1.45053,0.751972,0.853008,1.26731,-1.06832,-0.870217,-0.873724,0.872206,2,-1.6,-1.7,-1.7,-1.7,1,3.02276,0.760621,-0.604828,-0.464326,-0.470151,0.467438,-2,-0.714052,0.567798,0.435898,0.441366,-0.43882,
1.772e+09,1772003292984061344,1,88.596,1.10549,0,1,0.289396,-1.74542,-1.59025,-1.6188,-1.61747,0.918532,1.85032,0.760666,-0.604828,-0.463496,-0.469451,0.467357,2,-1.6,-1.7,-1.7,-1.7,1,2.7106,0.274058,-0.206827,-0.15304,-0.155537,0.153536,-2,-0.257279,0.194164,0.14367,0.146015,-0.144136,
1.772e+09,1772003293209699013,1,64.214,0.558786,0,1,0.888081,-1.60086,-1.6997,-1.69818,-1.69823,0.999094,2.7106,0.274037,-0.206827,-0.153551,-0.155114,0.153412,2,-1.6,-1.7,-1.7,-1.7,1,2.09554,0.00161534,-0.00056392,-0.00343521,-0.0033321,0.00170753,-1.96724,-0.00151644,0.000529398,0.0032249,0.00312809,-0.00160299,
1.772e+09,1772003293460474413,1,64.963,0.295875,0,1,1.49192,-1.57276,-1.71911,-1.71219,-1.71243,1.0127,2.09554,0.00160064,-0.00056392,-0.00382696,-0.00270451,0.00155344,2,-1.6,-1.7,-1.7,-1.7,1,0.957501,-0.051336,0.0360184,0.0229802,0.0234259,-0.0239267,-0.898844,0.048193,-0.0338132,-0.0215732,-0.0219917,0.0224618,
1.772e+09,1772003293736683450,1,91.105,2.40608,0,0,1.95597,-1.5818,-1.71262,-1.70839,-1.70853,1.00846,1.36675,-0.051358,0.0360184,0.0225287,0.0226163,-0.0238343,0,-2.3,-1.1,-1.2,-1.2,0.5,-2.95597,-1.35353,1.15455,0.958111,0.958381,-0.95826,2,1.27066,-1.08387,-0.899451,-0.899704,0.899591,
1.772e+09,1772003293968106687,1,72.573,2.44066,0,0,2.16677,-1.64221,-1.65601,-1.65553,-1.65674,0.955065,0.369821,-0.664686,0.649352,0.636719,0.615638,-0.63371,0,-2.3,-1.1,-1.2,-1.2,0.5,-3.08338,-1.23969,1.04786,0.858499,0.860786,-0.857623,2,1.16379,-0.98371,-0.805937,-0.808085,0.805115,
1.772e+09,1772003294215482624,1,70.034,1.82362,0,0,2.129,-1.91718,-1.4087,-1.43964,-1.44358,0.740308,-0.64534,-1.23963,1.04786,0.859212,0.86054,-0.857654,0,-2.3,-1.1,-1.2,-1.2,0.5,-3.0645,-0.721461,0.581783,0.451631,0.459047,-0.452889,2,0.67729,-0.546164,-0.42398,-0.430942,0.425161,
1.772e+09,1772003294486044613,1,90.49,1.1622,0,0,1.84523,-2.1656,-1.20488,-1.27886,-1.2817,0.579319,-1.64192,-0.721419,0.581783,0.451682,0.457485,-0.452687,0,-2.3,-1.1,-1.2,-1.2,0.5,-2.84523,-0.253292,0.197664,0.148611,0.153982,-0.149486,2,0.237784,-0.185563,-0.139513,-0.144554,0.140334,
1.772e+09,1772003294736493134,1,91.036,0.651183,0,0,1.29609,-2.30322,-1.09859,-1.20013,-1.20132,0.500191,-2.65769,-0.25329,0.197664,0.148561,0.153674,-0.149432,0,-2.3,-1.1,-1.2,-1.2,0.5,-2.29609,0.00607214,-0.00266327,0.000245103,0.00248889,-0.000359092,2,-0.00570038,0.00250022,-0.000230097,-0.00233651,0.000337107,
1.772e+09,1772003294956799490,1,61.22,0.377167,0,0,0.647532,-2.33392,-1.07581,-1.18377,-1.18389,0.483645,-2.29609,0.00606818,-0.00266327,0.000167514,0.00248159,-0.000333773,0,-2.3,-1.1,-1.2,-1.2,0.5,-1.22035,0.0639293,-0.0455833,-0.0305839,-0.0303609,0.030823,1.14563,-0.0600153,0.0427929,0.0287114,0.028502,-0.0289361,
1.772e+09,1772003295210282286,1,64.836,0.10136,0,0,0.132446,-2.32211,-1.08422,-1.18933,-1.18908,0.489204,-1.56795,0.0638897,-0.0455833,-0.0305745,-0.0293907,0.0306862,0,-2.3,-1.1,-1.2,-1.2,0.5,-0.249609,0.0416617,-0.0297363,-0.0201124,-0.0205832,0.0203455,0.234327,-0.0391109,0.0279157,0.0188812,0.0193231,-0.0190999,
1.772e+09,1772003295444112879,1,48.557,0.0804833,0,0,-0.127895,-2.31028,-1.09265,-1.19501,-1.19463,0.494919,-0.571509,0.0416282,-0.0297363,-0.0200784,-0.0196129,0.0202035,0,-2.3,-1.1,-1.2,-1.2,0.5,0.241033,0.0193775,-0.0138438,-0.00940281,-0.0101265,0.00957606,-0.226276,-0.0181911,0.0129966,0.0088271,0.00950637,-0.00898933,
1.772e+09,1772003295701023122,1,55.56,0.080277,0,0,-0.147219,-2.30405,-1.0971,-1.19802,-1.19764,0.497956,0.241037,0.0193787,-0.0138438,-0.00944563,-0.0100004,0.00957653,0,-2.3,-1.1,-1.2,-1.2,0.5,0.277452,0.00763078,-0.00546479,-0.00373319,-0.00444976,0.00385237,-0.260465,-0.00716359,0.00513021,0.00350452,0.00417732,-0.00361643,
1.772e+09,1772003295956886948,1,61.358,0.0431135,0,0,-0.0813593,-2.30144,-1.09897,-1.1993,-1.19904,0.499259,0.277456,0.00763268,-0.00546479,-0.00378336,-0.00426039,0.00384833,0,-2.3,-1.1,-1.2,-1.2,0.5,0.153331,0.00271073,-0.001946,-0.00131705,-0.00180369,0.0013963,-0.143943,-0.00254477,0.00182686,0.00123635,0.00169326,-0.00131082,
1.772e+09,1772003296228681698,1,83.232,2.42933,0,1,-0.0318123,-2.3004,-1.09971,-1.19981,-1.19969,0.499788,0.153322,0.00269993,-0.00193155,-0.00131705,-0.00177049,0.00136751,2,-1.6,-1.7,-1.7,-1.7,1,3.01591,1.31999,-1.13132,-0.942664,-0.942896,0.942707,-2,-1.23917,1.06205,0.88495,0.885167,-0.88499,
1.772e+09,1772003296492273366,1,96.769,2.24395,0,1,0.0566606,-2.2491,-1.15098,-1.25173,-1.25076,0.551068,0.785677,0.63332,-0.634478,-0.643858,-0.633501,0.63592,2,-1.6,-1.7,-1.7,-1.7,1,2.94334,1.22331,-1.03469,-0.844823,-0.846644,0.846065,-1.99999,-1.14841,0.971337,0.793099,0.794809,-0.794266,
1.772e+09,1772003296738960766,1,93.511,1.49908,0,1,0.388186,-1.98041,-1.39489,-1.46735,-1.46568,0.766158,1.80159,1.22337,-1.03469,-0.84402,-0.846519,0.84598,2,-1.6,-1.7,-1.7,-1.7,1,2.61181,0.716935,-0.57502,-0.438459,-0.441601,0.440701,-2,-0.673041,0.539814,0.411615,0.414564,-0.41372,
1.772e+09,1772003296953391154,1,57.88,0.731719,0,1,0.951645,-1.7234,-1.60685,-1.63387,-1.6336,0.933993,2.61185,0.716968,-0.57502,-0.4379,-0.443003,0.440952,2,-1.6,-1.7,-1.7,-1.7,1,1.97575,0.232569,-0.175544,-0.124627,-0.125134,0.124397,-1.85478,-0.21833,0.164797,0.116997,0.117473,-0.116781,
1.772e+09,1772003297209469178,1,63.993,0.232704,0,1,1.54539,-1.60372,-1.69722,-1.69789,-1.69915,0.998662,1.97576,0.232556,-0.175544,-0.125044,-0.124535,0.124252,2,-1.6,-1.7,-1.7,-1.7,1,0.856768,0.00700738,-0.00523976,-0.00398209,-0.00159692,0.00252207,-0.804312,-0.00657836,0.00491868,0.00373824,0.00149917,-0.00236761,
1.772e+09,1772003297483310073,1,87.703,2.41447,0,0,1.96735,-1.58042,-1.71368,-1.709,-1.70993,1.0094,1.26634,0.00698455,-0.00523976,-0.00444946,-0.00245668,0.00262118,0,-2.3,-1.1,-1.2,-1.2,0.5,-2.96735,-1.35613,1.15656,0.959264,0.961025,-0.960017,2,1.2731,-1.08575,-0.900534,-0.902187,0.90124,
1.772e+09,1772003297728557071,1,83.077,2.44655,0,0,2.15731,-1.63067,-1.66303,-1.65883,-1.66043,0.958321,0.250259,-0.625644,0.62726,0.626073,0.608206,-0.626403,0,-2.3,-1.1,-1.2,-1.2,0.5,-3.07866,-1.26143,1.06109,0.864715,0.867727,-0.86376,2,1.1842,-0.996121,-0.811773,-0.814601,0.810878,
1.772e+09,1772003297978288798,1,82.797,1.82531,0,0,2.09378,-1.89271,-1.42405,-1.4488,-1.45251,0.749196,-0.745766,-1.26137,1.06109,0.865441,0.867466,-0.863786,0,-2.3,-1.1,-1.2,-1.2,0.5,-3.04689,-0.76758,0.610702,0.468886,0.475879,-0.469636,2,0.720586,-0.573312,-0.440178,-0.446743,0.440879,
1.772e+09,1772003298238954370,1,93.483,1.12157,0,0,1.7724,-2.16192,-1.20367,-1.27539,-1.27793,0.575665,-1.76148,-0.767537,0.610702,0.468933,0.474282,-0.469428,0,-2.3,-1.1,-1.2,-1.2,0.5,-2.7724,-0.260225,0.19537,0.14209,0.146866,-0.1426,2,0.244293,-0.183408,-0.13339,-0.137874,0.133869,
1.772e+09,1772003298479274538,1,83.779,0.61921,0,0,1.21426,-2.30688,-1.09413,-1.19589,-1.19686,0.495841,-2.75809,-0.260221,0.19537,0.142044,0.146559,-0.142547,0,-2.3,-1.1,-1.2,-1.2,0.5,-2.21426,0.0129668,-0.0110565,-0.00774975,-0.00592338,0.0078377,2,-0.0121729,0.0103795,0.00727527,0.00556073,-0.00735784,
1.772e+09,1772003298705170196,1,59.742,0.340836,0,0,0.56324,-2.33714,-1.07335,-1.18183,-1.18185,0.481673,-2.21426,0.0129678,-0.0110565,-0.00780044,-0.00593069,0.00785657,0,-2.3,-1.1,-1.2,-1.2,0.5,-1.06149,0.0699882,-0.0502221,-0.0342416,-0.0342082,0.0345398,0.996501,-0.0657032,0.0471472,0.0321453,0.0321138,-0.0324251,
1.772e+09,1772003298944698012,1,49.184,0.081017,0,0,0.0860463,-2.32398,-1.083,-1.18846,-1.18819,0.488335,-1.48612,0.0699465,-0.0502221,-0.0342402,-0.033236,0.0344043,0,-2.3,-1.1,-1.2,-1.2,0.5,-0.162164,0.0451842,-0.0320385,-0.0217441,-0.0222555,0.0219839,0.152236,-0.0424164,0.030077,0.0204128,0.0208929,-0.020638,
1.772e+09,1772003299192021523,1,46.571,0.0975028,0,0,-0.159854,-2.31103,-1.0922,-1.19471,-1.19434,0.494624,-0.470511,0.0451533,-0.0320385,-0.0216982,-0.0212903,0.0218398,0,-2.3,-1.1,-1.2,-1.2,0.5,0.299601,0.0210533,-0.0144031,-0.00929805,-0.00989486,0.00781257,-0.279494,-0.0200487,0.0132147,0.00802035,0.00846384,-0.00487295,
1.772e+09,1772003299452868645,1,57.351,0.0865411,0,0,-0.157142,-2.30463,-1.09663,-1.19761,-1.19722,0.497229,0.299606,0.0210556,-0.0144031,-0.00936565,-0.00972108,0.00781651,0,-2.3,-1.1,-1.2,-1.2,0.5,0.296151,0.008726,-0.00635774,-0.00449472,-0.005237,0.00521848,-0.278019,-0.00819065,0.00596858,0.00421747,0.00491551,-0.00489469,
1.772e+09,1772003299706658057,1,61.181,0.0439097,0,0,-0.0816386,-2.30159,-1.09878,-1.19909,-1.19881,0.498727,0.296156,0.00872823,-0.00635774,-0.00455353,-0.00503101,0.0052156,0,-2.3,-1.1,-1.2,-1.2,0.5,0.153857,0.00299623,-0.00230143,-0.00171691,-0.00223546,0.00239848,-0.144438,-0.00281279,0.00216053,0.0016118,0.0020986,-0.00225163,
1.772e+09,1772003299982706159,1,87.179,2.43011,0,1,-0.0323005,-2.30047,-1.09961,-1.1997,-1.19957,0.499506,0.153848,0.00298536,-0.0022869,-0.00171691,-0.00220195,0.00236919,2,-1.6,-1.7,-1.7,-1.7,1,3.01615,1.32012,-1.1315,-0.942872,-0.943124,0.943239,-2,-1.23929,1.06222,0.885146,0.885381,-0.88549,
1.772e+09,1772003300237735737,1,92.273,2.23984,0,1,0.0587798,-2.24789,-1.15219,-1.25299,-1.25197,0.552277,0.786191,0.633589,-0.634801,-0.644351,-0.633844,0.637034,2,-1.6,-1.7,-1.7,-1.7,1,2.94122,1.22102,-1.03242,-0.84245,-0.844363,0.843785,-1.99999,-1.14626,0.969208,0.790871,0.792667,-0.792124,
1.772e+09,1772003300486105474,1,90.576,1.5222,0,1,0.377172,-1.98865,-1.38777,-1.46074,-1.45901,0.75956,1.7829,1.22109,-1.03242,-0.841659,-0.844243,0.843698,2,-1.6,-1.7,-1.7,-1.7,1,2.62283,0.732453,-0.588433,-0.450904,-0.454177,0.453137,-2,-0.687609,0.552406,0.423297,0.426371,-0.425394,
1.772e+09,1772003300687455838,1,41.985,0.732972,0,1,0.957752,-1.72478,-1.60539,-1.63198,-1.63166,0.932056,2.62286,0.732487,-0.588433,-0.450349,-0.455644,0.453397,2,-1.6,-1.7,-1.7,-1.7,1,1.96538,0.235095,-0.178508,-0.128323,-0.12793,0.128105,-1.84627,-0.220636,0.167795,0.120606,0.119171,-0.120323,
1.772e+09,1772003300945163194,1,49.66,0.264768,0,1,1.52362,-1.61433,-1.68821,-1.69036,-1.69152,0.991083,1.9654,0.235079,-0.178508,-0.128778,-0.127373,0.127967,2,-1.6,-1.7,-1.7,-1.7,1,0.897785,0.0270026,-0.0222202,-0.018175,-0.0159826,0.0168055,-0.842818,-0.0253488,0.0208597,0.0170624,0.0150041,-0.0157763,
1.772e+09,1772003301212202119,1,66.755,0.0402707,0,1,1.9436,-1.59059,-1.70556,-1.70269,-1.70344,1.00304,1.1793,0.0269808,-0.0222202,-0.0186144,-0.0168542,0.0169111,2,-1.6,-1.7,-1.7,-1.7,1,0.10629,-0.0177367,0.0104795,0.00507293,0.00647519,-0.00572924,-0.0997828,0.0166507,-0.0098379,-0.00476234,-0.00607272,0.00537848,
1.772e+09,1772003301454825455,1,59.321,0.0666082,0,1,2.10942,-1.59165,-1.70536,-1.7032,-1.70363,1.00326,0.188435,-0.0177561,0.0104795,0.00469094,0.00553437,-0.00560586,2,-1.6,-1.7,-1.7,-1.7,1,-0.206223,-0.0157345,0.0100958,0.00602278,0.00683234,-0.00614965,0.193597,0.0147712,-0.00947769,-0.00565392,-0.00641089,0.00577298,
1.772e+09,1772003301702779102,1,57.313,0.0512649,0,1,2.09005,-1.59579,-1.70276,-1.70177,-1.70199,1.00174,-0.206211,-0.0157486,0.0101057,0.00602278,0.0068289,-0.00615636,2,-1.6,-1.7,-1.7,-1.7,1,-0.169714,-0.00794162,0.0052109,0.00334017,0.00374926,-0.00327293,0.159324,0.00745522,-0.00489187,-0.00313567,-0.00352001,0.00307255,
1.772e+09,1772003301971162285,1,75.583,2.44408,0,0,2.04599,-1.59822,-1.70118,-1.7008,-1.70088,1.00075,-0.169665,-0.00793614,0.0052109,0.00327779,0.00366058,-0.00326192,0,-2.3,-1.1,-1.2,-1.2,0.5,-3.02299,-1.32258,1.13299,0.94381,0.943963,-0.943724,2,1.2416,-1.06362,-0.886027,-0.886169,0.885945,
1.772e+09,1772003302237543903,1,92.09,2.22813,0,0,1.94455,-1.65856,-1.64156,-1.64196,-1.64464,0.942105,-0.840554,-0.678668,0.676044,0.677575,0.641098,-0.668217,0,-2.3,-1.1,-1.2,-1.2,0.5,-2.94455,-1.20886,1.02063,0.832919,0.837985,-0.833198,2,1.13483,-0.958143,-0.781924,-0.786681,0.782186,
1.772e+09,1772003302484236427,1,88.693,1.49954,0,0,1.61285,-1.92263,-1.4037,-1.43272,-1.43829,0.73413,-1.83657,-1.2088,1.02063,0.833521,0.837045,-0.83312,0,-2.3,-1.1,-1.2,-1.2,0.5,-2.61285,-0.711206,0.572367,0.438586,0.44909,-0.441245,2,0.667663,-0.537324,-0.411734,-0.421595,0.41423,
1.772e+09,1772003302695897466,1,50.437,0.717046,0,0,1.02226,-2.18071,-1.19139,-1.26548,-1.2693,0.566375,-2.61286,-0.711244,0.572367,0.438267,0.448662,-0.441122,0,-2.3,-1.1,-1.2,-1.2,0.5,-1.92656,-0.224819,0.172227,0.123404,0.130612,-0.125092,1.80861,0.211054,-0.161682,-0.115849,-0.122615,0.117433,
1.772e+09,1772003302955527872,1,60.009,0.24476,0,0,0.453372,-2.29156,-1.10771,-1.20615,-1.20753,0.506307,-1.92656,-0.224839,0.172227,0.123205,0.130329,-0.125005,0,-2.3,-1.1,-1.2,-1.2,0.5,-0.854432,-0.0159058,0.0145362,0.0115976,0.0141988,-0.011886,0.80212,0.014932,-0.0136462,-0.0108876,-0.0133296,0.0111583,
1.772e+09,1772003303238025543,1,92.578,2.40234,0,1,0.0357989,-2.31457,-1.09071,-1.19445,-1.19459,0.494344,-1.17925,-0.0159409,0.0145362,0.011621,0.0151585,-0.0120239,2,-1.6,-1.7,-1.7,-1.7,1,2.9642,1.3467,-1.14828,-0.952776,-0.952497,0.952966,-2,-1.26427,1.07798,0.894443,0.894181,-0.894622,
1.772e+09,1772003303469843118,1,74.358,2.44347,0,1,-0.141365,-2.27376,-1.13202,-1.23722,-1.23561,0.536426,-0.260417,0.576381,-0.579631,-0.591878,-0.575724,0.583832,2,-1.6,-1.7,-1.7,-1.7,1,3.07068,1.26977,-1.07043,-0.872153,-0.875189,0.873659,-2,-1.19203,1.0049,0.818756,0.821606,-0.82017,
1.772e+09,1772003303709558438,1,64.124,1.8118,0,1,-0.0757355,-2.00966,-1.37505,-1.45059,-1.44768,0.749064,0.755327,1.26982,-1.07043,-0.871564,-0.87513,0.873594,2,-1.6,-1.7,-1.7,-1.7,1,3.03787,0.77206,-0.612413,-0.470041,-0.47552,0.472918,-2,-0.724791,0.574918,0.441263,0.446406,-0.443964,
1.772e+09,1772003303989949513,1,94.443,1.15048,0,1,0.235165,-1.75528,-1.58274,-1.61256,-1.61143,0.91242,1.75264,0.772108,-0.612413,-0.469181,-0.474825,0.472836,2,-1.6,-1.7,-1.7,-1.7,1,2.76483,0.292648,-0.220985,-0.164794,-0.166919,0.165054,-2,-0.274731,0.207455,0.154704,0.156699,-0.154948,
1.772e+09,1772003304235445722,1,90.011,0.601657,0,1,0.80964,-1.60291,-1.69827,-1.69676,-1.69713,0.997795,2.75019,0.292652,-0.220985,-0.164759,-0.16586,0.164875,2,-1.6,-1.7,-1.7,-1.7,1,2.19036,0.0054869,-0.00326359,-0.00609854,-0.00540845,0.00415538,-1.99999,-0.00515072,0.00306361,0.00572516,0.00507693,-0.00390102,
1.772e+09,1772003304454974215,1,59.476,0.33401,0,1,1.4418,-1.56498,-1.72499,-1.71624,-1.71673,1.01684,2.19036,0.00547084,-0.00326359,-0.00653067,-0.00473301,0.00398634,2,-1.6,-1.7,-1.7,-1.7,1,1.052,-0.0659968,0.0470996,0.0306137,0.0315204,-0.0317298,-0.987592,0.0619562,-0.0442157,-0.0287393,-0.0295906,0.0297872,
1.772e+09,1772003304697192320,1,51.737,0.0737251,0,1,1.92635,-1.57652,-1.71656,-1.71113,-1.71139,1.01124,1.44235,-0.0660189,0.0470996,0.0301557,0.0307322,-0.0316424,2,-1.6,-1.7,-1.7,-1.7,1,0.138811,-0.0442419,0.0312059,0.0209699,0.0214697,-0.0211874,-0.130312,0.0415332,-0.0292953,-0.0196854,-0.0201548,0.0198901,
1.772e+09,1772003304959317294,1,63.787,0.0959511,0,1,2.15572,-1.58861,-1.70803,-1.70555,-1.70573,1.00548,0.445278,-0.0442614,0.0312059,0.0205843,0.0205449,-0.0210676,2,-1.6,-1.7,-1.7,-1.7,1,-0.293474,-0.0214735,0.0151257,0.0104673,0.0107951,-0.0103269,0.275506,0.0201588,-0.0141996,-0.0098264,-0.010134,0.00969557,
1.772e+09,1772003305191343561,1,45.894,0.0807906,0,1,2.14754,-1.5957,-1.70304,-1.70222,-1.70237,1.0021,-0.293469,-0.0215137,0.0151515,0.0104673,0.0107852,-0.0103145,2,-1.6,-1.7,-1.7,-1.7,1,-0.278053,-0.0081084,0.00573102,0.00418054,0.00447465,-0.00396442,0.26103,0.00761196,-0.00538013,-0.00391845,-0.00420069,0.00372169,
1.772e+09,1772003305426910316,1,31.428,0.0419304,0,1,2.07841,-1.59837,-1.70116,-1.70089,-1.70096,1.00082,-0.278062,-0.00814911,0.00575544,0.00418054,0.00446427,-0.00393697,2,-1.6,-1.7,-1.7,-1.7,1,-0.147776,-0.0030758,0.00218007,0.00167002,0.00180916,-0.00153519,0.138728,0.00288942,-0.00204658,-0.001567,-0.00169988,0.00143924,
1.772e+09,1772003305704756231,1,59.246,2.43171,0,0,2.03401,-1.59934,-1.70047,-1.70037,-1.70038,1.00033,-0.147737,-0.00307172,0.00218007,0.0016169,0.00174923,-0.00152869,0,-2.3,-1.1,-1.2,-1.2,0.5,-3.01701,-1.32048,1.13165,0.943,0.943026,-0.942934,2,1.23963,-1.06237,-0.885265,-0.885289,0.885203,
1.772e+09,1772003305965127559,1,69.674,2.19932,0,0,1.93051,-1.66727,-1.63277,-1.63301,-1.63626,0.933361,-0.87608,-0.73117,0.730513,0.736219,0.693372,-0.723259,0,-2.3,-1.1,-1.2,-1.2,0.5,-2.93051,-1.19244,1.00407,0.816062,0.822184,-0.816719,2,1.11944,-0.942592,-0.766099,-0.771846,0.766716,
1.772e+09,1772003306217621971,1,72.188,1.43995,0,0,1.57616,-1.94466,-1.38599,-1.41849,-1.42398,0.719946,-1.89125,-1.19239,1.00407,0.816603,0.821274,-0.816647,0,-2.3,-1.1,-1.2,-1.2,0.5,-2.57616,-0.669685,0.538983,0.41177,0.422108,-0.414515,2,0.628683,-0.505986,-0.386559,-0.396265,0.389137,
1.772e+09,1772003306428193600,1,32.72,0.709372,0,0,0.998722,-2.18129,-1.19288,-1.26804,-1.27154,0.568854,-2.57616,-0.669724,0.538983,0.411442,0.421716,-0.414395,0,-2.3,-1.1,-1.2,-1.2,0.5,-1.88221,-0.223722,0.175045,0.128224,0.134825,-0.129763,1.76697,0.210025,-0.164327,-0.120374,-0.12657,0.121818,
1.772e+09,1772003306681643216,1,36.195,0.255584,0,0,0.432003,-2.28128,-1.11695,-1.21406,-1.21525,0.514177,-1.88221,-0.223747,0.175045,0.128006,0.134553,-0.129674,0,-2.3,-1.1,-1.2,-1.2,0.5,-0.816185,-0.0345926,0.0313964,0.0224437,0.0295612,-0.0266143,0.768366,0.0317425,-0.028883,-0.0167728,-0.0286142,0.0248751,
1.772e+09,1772003306960758108,1,65.26,0.0327387,0,0,0.0551184,-2.30165,-1.10102,-1.20306,-1.20236,0.502269,-1.05827,-0.0346276,0.0313964,0.0224618,0.0305416,-0.0267532,0,-2.3,-1.1,-1.2,-1.2,0.5,-0.103877,0.00311374,0.00191986,0.00576049,0.0044523,-0.00427326,0.0975171,-0.0029231,-0.00180231,-0.00540787,-0.00417971,0.00400826,
1.772e+09,1772003307194504411,1,49.098,0.0487908,0,0,-0.0907447,-2.30362,-1.0984,-1.20041,-1.19923,0.49956,-0.103879,0.00310393,0.00191986,0.00582956,0.00503713,-0.00436948,0,-2.3,-1.1,-1.2,-1.2,0.5,0.171019,0.0068156,-0.00301554,0.000775229,-0.00145,0.000828403,-0.160548,-0.00639832,0.00283096,-0.000727802,0.00136123,-0.000777683,
1.772e+09,1772003307427173882,1,31.684,0.038727,0,0,-0.072816,-2.30214,-1.09887,-1.19996,-1.1992,0.499479,0.17102,0.00681592,-0.00301554,0.000758712,-0.00135491,0.000823103,0,-2.3,-1.1,-1.2,-1.2,0.5,0.13723,0.00404051,-0.00212237,-8.37422e-05,-0.00151303,0.000981889,-0.128828,-0.00379377,0.00199244,7.87977e-05,0.00142048,-0.000921661,
1.772e+09,1772003307701515057,1,56.083,2.43412,0,1,-0.0366096,-2.30101,-1.09944,-1.19994,-1.19957,0.49972,0.137221,0.00403103,-0.0021106,-8.37422e-05,-0.00148534,0.000961712,2,-1.6,-1.7,-1.7,-1.7,1,3.0183,1.32114,-1.13182,-0.942413,-0.94312,0.942836,-2,-1.24025,1.06252,0.884714,0.885378,-0.885111,
1.772e+09,1772003307965715895,1,70.273,2.18905,0,1,0.0677817,-2.22957,-1.17065,-1.27179,-1.27041,0.570847,0.884509,0.749191,-0.749649,-0.759971,-0.747233,0.750835,2,-1.6,-1.7,-1.7,-1.7,1,2.93222,1.1865,-0.997627,-0.807013,-0.809607,0.808789,-2,-1.11386,0.936548,0.757604,0.760039,-0.759271,
1.772e+09,1772003308219272539,1,73.86,1.42727,0,1,0.424361,-1.95108,-1.41801,-1.48559,-1.48403,0.784542,1.90052,1.18656,-0.997627,-0.806244,-0.809468,0.808715,2,-1.6,-1.7,-1.7,-1.7,1,2.57564,0.661649,-0.531442,-0.404076,-0.407012,0.406056,-2,-0.62114,0.498905,0.379336,0.382093,-0.381196,
1.772e+09,1772003308431577893,1,36.08,0.696046,0,1,1.00336,-1.71349,-1.61168,-1.63536,-1.63533,0.935667,2.57566,0.661664,-0.531442,-0.403874,-0.408162,0.406251,2,-1.6,-1.7,-1.7,-1.7,1,1.87828,0.213878,-0.166449,-0.121829,-0.121873,0.121244,-1.76329,-0.200783,0.156258,0.11437,0.114411,-0.113821,
1.772e+09,1772003308707026118,1,61.589,0.247758,0,1,1.56986,-1.61579,-1.68556,-1.6877,-1.68882,0.988342,1.8783,0.213861,-0.166449,-0.122301,-0.121328,0.121107,2,-1.6,-1.7,-1.7,-1.7,1,0.810653,0.0297636,-0.0272111,-0.0231867,-0.0210709,0.0219718,-0.761021,-0.0279424,0.0255451,0.0217671,0.0197809,-0.0206266,
1.772e+09,1772003308966590386,1,71.075,2.38959,0,0,1.96442,-1.59261,-1.70346,-1.70095,-1.70172,1.00124,1.1497,0.0297409,-0.0272111,-0.0236468,-0.0219551,0.0220779,0,-2.3,-1.1,-1.2,-1.2,0.5,-2.96442,-1.33316,1.13729,0.944098,0.945555,-0.944639,2,1.25154,-1.06766,-0.886296,-0.887664,0.886804,
1.772e+09,1772003309218712453,1,73.291,2.38302,0,0,2.12475,-1.64665,-1.6488,-1.6459,-1.64785,0.945586,0.133712,-0.660211,0.662789,0.668148,0.644516,-0.663864,0,-2.3,-1.1,-1.2,-1.2,0.5,-3.06237,-1.23131,1.03428,0.840348,0.844026,-0.839758,2,1.15592,-0.970958,-0.788898,-0.792351,0.788344,
1.772e+09,1772003309466873027,1,71.438,1.73891,0,0,2.03256,-1.91073,-1.41036,-1.43831,-1.44222,0.73905,-0.862319,-1.23126,1.03428,0.841004,0.843763,-0.839782,0,-2.3,-1.1,-1.2,-1.2,0.5,-3.01628,-0.733616,0.584902,0.449125,0.456488,-0.450515,2,0.6887,-0.549092,-0.421627,-0.42854,0.422931,
1.772e+09,1772003309727715007,1,82.308,1.07073,0,0,1.68156,-2.1675,-1.20096,-1.27451,-1.27698,0.574959,-1.87811,-0.733597,0.584902,0.449177,0.456003,-0.45046,0,-2.3,-1.1,-1.2,-1.2,0.5,-2.68156,-0.249721,0.190268,0.140418,0.145085,-0.141268,2,0.234432,-0.178619,-0.131821,-0.136202,0.132619,
1.772e+09,1772003309950323918,1,54.886,0.553948,0,0,1.10189,-2.30015,-1.10052,-1.20153,-1.20227,0.501526,-2.68156,-0.249749,0.190268,0.140251,0.144985,-0.141216,0,-2.3,-1.1,-1.2,-1.2,0.5,-2.07665,0.000291539,0.000983927,0.00287564,0.00428296,-0.0028762,1.9495,-0.00027369,-0.000923686,-0.00269958,-0.00402074,0.00270011,
1.772e+09,1772003310195073238,1,49.611,0.280108,0,0,0.492287,-2.32291,-1.08447,-1.19024,-1.19017,0.490093,-2.07665,0.000275691,0.000983927,0.0027536,0.00428804,-0.00284407,0,-2.3,-1.1,-1.2,-1.2,0.5,-0.927773,0.0431611,-0.0292865,-0.0183866,-0.0185278,0.0186741,0.870971,-0.0405113,0.0275117,0.0172609,0.0173962,-0.017534,
