1.772e+09,1772003406144940122,1,1.555,93.189,0,0,0,-1.5708,0,-1.5708,0,0,0,0,0,0,0,0,0,-2.3,-1.1,-1.2,-1.2,0.5,0,-0.985218,-1.4862,0.500986,-1.62131,0.675547,0,0.632191,0.953662,-0.321471,1.04036,-0.433483,
1.772e+09,1772003406394458235,1,1.075,70.914,0,0,-0.000119692,-1.69354,-0.093076,-1.47864,-0.143367,0.125468,-0.000271048,-0.982447,-0.759803,0.500986,-1.14132,0.681501,0,-2.3,-1.1,-1.2,-1.2,0.5,0.000161715,-0.819378,-1.36045,0.376468,-1.42761,0.506029,-0.000103769,0.525776,0.872969,-0.241571,0.916065,-0.324707,
1.772e+09,1772003406645027462,1,1.594,32.8071,0,0,-8.07913e-05,-1.90279,-0.390188,-1.3818,-0.491064,0.256498,0.000176419,-0.819306,-1.36045,0.376905,-1.4277,0.505839,0,-2.3,-1.1,-1.2,-1.2,0.5,0.000109157,-0.53667,-0.959022,0.245628,-0.957839,0.328994,-7.00433e-05,0.344369,0.615382,-0.157614,0.614623,-0.211108,
1.772e+09,1772003406894677654,1,1.223,12.8619,0,0,-5.08171e-05,-2.04918,-0.653641,-1.31718,-0.761391,0.343905,0.000117061,-0.536595,-0.959022,0.245986,-0.957957,0.328879,0,-2.3,-1.1,-1.2,-1.2,0.5,6.86587e-05,-0.338888,-0.603073,0.158316,-0.592602,0.210899,-4.40567e-05,0.217457,0.386978,-0.101587,0.380259,-0.135329,
1.772e+09,1772003407144592898,1,1.147,5.02982,0,0,-3.25157e-05,-2.1399,-0.822229,-1.27614,-0.928206,0.399059,7.52241e-05,-0.338813,-0.603073,0.158637,-0.59275,0.210818,0,-2.3,-1.1,-1.2,-1.2,0.5,4.39317e-05,-0.216309,-0.375295,0.102873,-0.367219,0.136381,-2.819e-05,0.138801,0.240818,-0.0660113,0.235636,-0.0875123,
1.772e+09,1772003407394613599,1,1.145,2.05081,0,0,-1.87743e-05,-2.19638,-0.923429,-1.2497,-1.02727,0.434227,5.87771e-05,-0.21622,-0.375295,0.103107,-0.367474,0.13637,0,-2.3,-1.1,-1.2,-1.2,0.5,2.53659e-05,-0.140006,-0.238564,0.0671542,-0.233377,0.0888651,-1.62767e-05,0.0898386,0.153081,-0.0430913,0.149753,-0.0570227,
1.772e+09,1772003407644491703,1,1.066,0.857641,0,0,-1.09521e-05,-2.23248,-0.986132,-1.23253,-1.08857,0.456995,3.2095e-05,-0.139963,-0.238564,0.0672819,-0.233486,0.0888541,0,-2.3,-1.1,-1.2,-1.2,0.5,1.47973e-05,-0.0912249,-0.153846,0.0439522,-0.150549,0.0581033,-9.49506e-06,0.0585369,0.0987197,-0.0282031,0.0966035,-0.0372835,
1.772e+09,1772003407894936734,1,1.437,0.361708,0,0,-6.26686e-06,-2.25598,-1.02616,-1.22132,-1.12775,0.471885,1.92667e-05,-0.0912216,-0.153736,0.0439522,-0.15059,0.0581512,0,-2.3,-1.1,-1.2,-1.2,0.5,8.46711e-06,-0.0594696,-0.0997606,0.0288079,-0.0976102,0.0379858,-5.43315e-06,0.0381603,0.0640141,-0.0184854,0.0626342,-0.0243746,
1.772e+09,1772003408145295020,1,1.85,148.171,0,1,-2.88266e-06,-2.27116,-1.05176,-1.21397,-1.15282,0.481552,1.40342e-05,-0.0594303,-0.0997606,0.0289422,-0.0977014,0.037971,2,-1.6,-1.7,-1.7,-1.7,1,2.70219,0.906802,-0.875829,-0.65667,-0.739295,0.700472,-1.73393,-0.581874,0.561999,0.42137,0.474388,-0.449477,
1.772e+09,1772003408394817931,1,1.343,120.474,0,1,0.117521,-2.16886,-1.18946,-1.31509,-1.28096,0.596867,0.958068,0.895917,-0.875829,-0.657066,-0.739238,0.700545,2,-1.6,-1.7,-1.7,-1.7,1,2.54341,0.76858,-0.68979,-0.520054,-0.566168,0.544671,-1.63204,-0.49318,0.442622,0.333706,0.363297,-0.349503,
1.772e+09,1772003408644752500,1,1.366,71.7509,0,1,0.486442,-1.97349,-1.36729,-1.4481,-1.42719,0.736945,1.97414,0.768611,-0.68979,-0.519618,-0.564989,0.544456,2,-1.6,-1.7,-1.7,-1.7,1,2.04496,0.504622,-0.449517,-0.340343,-0.368595,0.355411,-1.3122,-0.323805,0.288444,0.21839,0.236519,-0.228059,
1.772e+09,1772003408894592356,1,1.131,31.1018,0,1,0.996925,-1.83653,-1.48882,-1.5387,-1.52612,0.831853,2.04496,0.504575,-0.449517,-0.341125,-0.369359,0.355556,2,-1.6,-1.7,-1.7,-1.7,1,1.35525,0.319581,-0.285319,-0.217928,-0.23493,0.227183,-0.869632,-0.205067,0.183083,0.139839,0.150749,-0.145778,
1.772e+09,1772003409144615489,1,1.189,11.4267,0,1,1.39896,-1.7513,-1.56448,-1.59585,-1.5881,0.891494,1.35528,0.319566,-0.285319,-0.21841,-0.235487,0.227265,2,-1.6,-1.7,-1.7,-1.7,1,0.812067,0.204421,-0.183094,-0.140715,-0.151184,0.146602,-0.521085,-0.131172,0.117487,0.0902934,0.0970115,-0.0940711,
1.772e+09,1772003409394581102,1,1.164,4.21837,0,1,1.64051,-1.69819,-1.61188,-1.63206,-1.62719,0.929224,0.8122,0.204443,-0.183094,-0.140929,-0.151415,0.146631,2,-1.6,-1.7,-1.7,-1.7,1,0.485708,0.132665,-0.119056,-0.0917963,-0.098373,0.0956252,-0.311667,-0.0851281,0.0763952,0.0589035,0.0631237,-0.0613605,
1.772e+09,1772003409644450704,1,1.039,1.65672,0,1,1.7771,-1.66401,-1.6425,-1.6556,-1.6525,0.953752,0.48576,0.132676,-0.119056,-0.0917929,-0.0984335,0.095636,2,-1.6,-1.7,-1.7,-1.7,1,0.301159,0.0864794,-0.0776866,-0.0599911,-0.0641765,0.0624853,-0.193247,-0.0554918,0.0498497,0.0384949,0.0411806,-0.0400954,
1.772e+09,1772003409894474789,1,1.041,0.678539,0,1,1.85816,-1.64175,-1.66245,-1.67097,-1.66899,0.969768,0.301179,0.086447,-0.0776274,-0.0599911,-0.0641749,0.0624624,2,-1.6,-1.7,-1.7,-1.7,1,0.191636,0.0564084,-0.050727,-0.0392189,-0.0418934,0.0408461,-0.122968,-0.0361959,0.0325504,0.0251659,0.0268821,-0.02621,
1.772e+09,1772003410144453362,1,1.052,0.285835,0,1,1.90821,-1.62735,-1.67539,-1.68096,-1.67966,0.980167,0.191702,0.056421,-0.050727,-0.039215,-0.0416478,0.0408058,2,-1.6,-1.7,-1.7,-1.7,1,0.124011,0.0369554,-0.0332493,-0.0257227,-0.0274764,0.026796,-0.079575,-0.0237134,0.0213353,0.0165056,0.017631,-0.0171944,
1.772e+09,1772003410394563863,1,1.065,0.121882,0,1,1.94015,-1.61795,-1.68385,-1.6875,-1.68666,0.986984,0.124037,0.0369606,-0.0332493,-0.0257073,-0.0274233,0.0267888,2,-1.6,-1.7,-1.7,-1.7,1,0.0808579,0.0242508,-0.0218219,-0.016883,-0.0180279,0.0175859,-0.0518847,-0.0155612,0.0140026,0.0108334,0.0115681,-0.0112845,
1.772e+09,1772003410644860574,1,1.342,140.746,0,0,1.96085,-1.61178,-1.6894,-1.6918,-1.69124,0.991457,0.0808691,0.024253,-0.0218219,-0.0168761,-0.0179629,0.0175755,0,-2.3,-1.1,-1.2,-1.2,0.5,-2.64929,-0.92985,0.796334,0.664467,0.663715,-0.664005,1.69999,0.596663,-0.510989,-0.426373,-0.42589,0.426076,
1.772e+09,1772003410894833775,1,1.36,116.428,0,0,1.85896,-1.72766,-1.57646,-1.58583,-1.58861,0.886149,-0.89641,-0.929814,0.796334,0.665124,0.662785,-0.663842,0,-2.3,-1.1,-1.2,-1.2,0.5,-2.51163,-0.773281,0.643738,0.521298,0.525048,-0.521723,1.61165,0.496196,-0.413072,-0.334505,-0.336911,0.334778,
1.772e+09,1772003411144695756,1,1.29,70.3987,0,0,1.50548,-1.92497,-1.41172,-1.45213,-1.45447,0.752399,-1.91216,-0.77329,0.643738,0.521143,0.524224,-0.521589,0,-2.3,-1.1,-1.2,-1.2,0.5,-2.03405,-0.506705,0.421163,0.340654,0.343809,-0.341015,1.3052,0.325141,-0.27025,-0.21859,-0.220614,0.218821,
1.772e+09,1772003411394662575,1,1.195,30.6454,0,0,0.998769,-2.06154,-1.29936,-1.36243,-1.36386,0.662395,-2.03406,-0.506744,0.421163,0.340265,0.34351,-0.340914,0,-2.3,-1.1,-1.2,-1.2,0.5,-1.34943,-0.322181,0.269348,0.219454,0.221386,-0.219411,0.865898,0.206736,-0.172834,-0.140818,-0.142058,0.140791,
1.772e+09,1772003411644534659,1,1.138,11.2764,0,0,0.59908,-2.14742,-1.22825,-1.30512,-1.30583,0.604983,-1.34943,-0.322201,0.269348,0.219238,0.221009,-0.219319,0,-2.3,-1.1,-1.2,-1.2,0.5,-0.809413,-0.206153,0.173275,0.142024,0.142981,-0.141842,0.519382,0.132284,-0.111187,-0.0911334,-0.0917476,0.0910169,
1.772e+09,1772003411895386008,1,1.895,4.10885,0,0,0.356058,-2.20156,-1.183,-1.26827,-1.26864,0.568142,-0.809407,-0.20615,0.173275,0.141894,0.142482,-0.141743,0,-2.3,-1.1,-1.2,-1.2,0.5,-0.481068,-0.133005,0.112147,0.0922387,0.0927333,-0.0920666,0.30869,0.0853461,-0.0719623,-0.0591874,-0.0595048,0.059077,
1.772e+09,1772003412144403529,1,1.006,1.60946,0,0,0.220475,-2.23586,-1.15417,-1.24463,-1.24483,0.544536,-0.481065,-0.132998,0.112147,0.0922142,0.0925196,-0.0920304,0,-2.3,-1.1,-1.2,-1.2,0.5,-0.297882,-0.0866649,0.0731936,0.0603015,0.0605757,-0.0601721,0.191144,0.0556109,-0.0469667,-0.0386941,-0.03887,0.038611,
1.772e+09,1772003412395133757,1,1.633,0.66559,0,0,0.141078,-2.25805,-1.13547,-1.22926,-1.22941,0.529185,-0.297874,-0.0866498,0.0731936,0.060222,0.0602479,-0.0601004,0,-2.3,-1.1,-1.2,-1.2,0.5,-0.19061,-0.056674,0.0479173,0.039527,0.0397298,-0.0394317,0.12231,0.0363664,-0.0307474,-0.0253636,-0.0254937,0.0253024,
1.772e+09,1772003412644527353,1,1.055,0.280745,0,0,0.0913678,-2.27252,-1.12325,-1.2192,-1.21932,0.519154,-0.190607,-0.0566661,0.0479173,0.0394964,0.0395645,-0.0393982,0,-2.3,-1.1,-1.2,-1.2,0.5,-0.123447,-0.0371336,0.0314131,0.0259464,0.0260969,-0.0258789,0.0792128,0.0238278,-0.0201571,-0.0166492,-0.0167458,0.0166059,
1.772e+09,1772003412894432156,1,1.022,0.119789,0,0,0.0595875,-2.28196,-1.11526,-1.21262,-1.21271,0.512582,-0.123435,-0.0371168,0.0314131,0.0258184,0.0258531,-0.0257926,0,-2.3,-1.1,-1.2,-1.2,0.5,-0.0805083,-0.0243711,0.0206168,0.0170536,0.0171701,-0.0169997,0.0516603,0.0156384,-0.0132293,-0.0109429,-0.0110176,0.0109083,
1.772e+09,1772003413144833502,1,1.338,140.792,0,1,0.0389855,-2.28816,-1.11002,-1.20829,-1.20839,0.508269,-0.0805038,-0.0243617,0.0206168,0.0170175,0.0169421,-0.0169483,2,-1.6,-1.7,-1.7,-1.7,1,2.64951,0.929768,-0.797125,-0.66434,-0.664218,0.664375,-1.70013,-0.596611,0.511497,0.426291,0.426213,-0.426314,
1.772e+09,1772003413394764044,1,1.351,117.215,0,1,0.136455,-2.17703,-1.21954,-1.31212,-1.311,0.611306,0.877484,0.929695,-0.797125,-0.66486,-0.664159,0.664462,2,-1.6,-1.7,-1.7,-1.7,1,2.51782,0.779621,-0.649146,-0.524057,-0.525573,0.525162,-1.61563,-0.500264,0.416542,0.336275,0.337248,-0.336984,
1.772e+09,1772003413644753349,1,1.351,71.287,0,1,0.485246,-1.9784,-1.38544,-1.44624,-1.44557,0.745807,1.89364,0.779651,-0.649146,-0.523683,-0.52516,0.525067,2,-1.6,-1.7,-1.7,-1.7,1,2.04657,0.511256,-0.425004,-0.342849,-0.343755,0.343439,-1.31324,-0.328061,0.272715,0.219998,0.22058,-0.220377,
1.772e+09,1772003413894472055,1,1.064,31.0575,0,1,0.993632,-1.83946,-1.49979,-1.53747,-1.53739,0.837305,2.04657,0.511223,-0.425004,-0.343424,-0.344509,0.343569,2,-1.6,-1.7,-1.7,-1.7,1,1.3597,0.323533,-0.270506,-0.219595,-0.219706,0.219817,-0.872486,-0.207604,0.173578,0.140909,0.14098,-0.141051,
1.772e+09,1772003414144643812,1,1.225,11.4231,0,1,1.39629,-1.7531,-1.5713,-1.59505,-1.59518,0.89493,1.35973,0.323525,-0.270506,-0.219974,-0.220253,0.219896,2,-1.6,-1.7,-1.7,-1.7,1,0.815673,0.206856,-0.173885,-0.141799,-0.141622,0.14196,-0.523398,-0.132734,0.111578,0.0909891,0.0908756,-0.0910921,
1.772e+09,1772003414394587186,1,1.108,4.20675,0,1,1.63901,-1.69917,-1.61639,-1.63169,-1.63189,0.931591,0.815807,0.20688,-0.173885,-0.141968,-0.141849,0.141989,2,-1.6,-1.7,-1.7,-1.7,1,0.487728,0.133992,-0.112962,-0.0922994,-0.0920164,0.0924269,-0.312964,-0.0859795,0.0724853,0.0592264,0.0590448,-0.0593082,
1.772e+09,1772003414644407024,1,1.024,1.64975,0,1,1.77625,-1.66463,-1.64542,-1.65536,-1.65556,0.955296,0.48778,0.134003,-0.112962,-0.0922878,-0.092076,0.0924381,2,-1.6,-1.7,-1.7,-1.7,1,0.302309,0.0873267,-0.0737392,-0.0603135,-0.060039,0.0603997,-0.193985,-0.0560355,0.0473167,0.0387017,0.0385256,-0.0387571,
1.772e+09,1772003414894335540,1,0.953,0.675186,0,1,1.85765,-1.64215,-1.66435,-1.67082,-1.67098,0.970774,0.302329,0.0872941,-0.0736795,-0.0603135,-0.0600373,0.0603763,2,-1.6,-1.7,-1.7,-1.7,1,0.192334,0.0569513,-0.0481665,-0.0394299,-0.039204,0.0394875,-0.123416,-0.0365443,0.0309073,0.0253012,0.0251563,-0.0253382,
1.772e+09,1772003415144369601,1,0.989,0.284328,0,1,1.90789,-1.62761,-1.67663,-1.68086,-1.68096,0.980824,0.192354,0.0569437,-0.0481433,-0.0394299,-0.0392014,0.0394619,2,-1.6,-1.7,-1.7,-1.7,1,0.124453,0.0373102,-0.0315772,-0.0258604,-0.0257181,0.0259082,-0.0798589,-0.0239411,0.0202624,0.016594,0.0165027,-0.0166247,
1.772e+09,1772003415394417845,1,1.037,0.120584,0,1,1.94014,-1.61812,-1.68466,-1.68744,-1.68751,0.987415,0.124479,0.0373153,-0.0315772,-0.0258475,-0.0256657,0.0259009,2,-1.6,-1.7,-1.7,-1.7,1,0.0808702,0.02448,-0.0207246,-0.0169738,-0.0168769,0.0170037,-0.0518925,-0.0157083,0.0132985,0.0108917,0.0108295,-0.0109109,
1.772e+09,1772003415644605845,1,1.103,140.779,0,0,1.96085,-1.61189,-1.68993,-1.69175,-1.6918,0.99174,0.0808813,0.0244821,-0.0207246,-0.0169688,-0.0168125,0.0169932,0,-2.3,-1.1,-1.2,-1.2,0.5,-2.6493,-0.9297,0.797054,0.664407,0.664471,-0.664387,1.69999,0.596567,-0.511451,-0.426334,-0.426376,0.426322,
1.772e+09,1772003415894794376,1,1.314,117.299,0,0,1.86352,-1.72328,-1.58052,-1.58893,-1.59186,0.889416,-0.877241,-0.929661,0.797054,0.665109,0.664545,-0.664386,0,-2.3,-1.1,-1.2,-1.2,0.5,-2.51779,-0.779202,0.649229,0.525482,0.529439,-0.526137,1.6156,0.499996,-0.416595,-0.33719,-0.339728,0.33761,
1.772e+09,1772003416144670830,1,1.301,71.3363,0,0,1.51483,-1.9218,-1.41461,-1.45435,-1.45676,0.754731,-1.893,-0.779209,0.649229,0.525345,0.528609,-0.526004,0,-2.3,-1.1,-1.2,-1.2,0.5,-2.04668,-0.510988,0.425067,0.343651,0.346902,-0.344165,1.31331,0.327889,-0.272756,-0.220513,-0.222599,0.220843,
1.772e+09,1772003416394594958,1,1.198,31.0854,0,0,1.00645,-2.06067,-1.30024,-1.36304,-1.36458,0.663119,-2.04669,-0.511027,0.425067,0.343258,0.346597,-0.344063,0,-2.3,-1.1,-1.2,-1.2,0.5,-1.35981,-0.323359,0.270547,0.220288,0.222365,-0.22039,0.872559,0.207492,-0.173603,-0.141354,-0.142686,0.141419,
1.772e+09,1772003416644556692,1,1.164,11.4366,0,0,0.603774,-2.147,-1.22872,-1.30545,-1.30623,0.605381,-1.35981,-0.32338,0.270547,0.220066,0.221984,-0.220296,0,-2.3,-1.1,-1.2,-1.2,0.5,-0.815756,-0.206724,0.17391,0.142466,0.143522,-0.14238,0.523452,0.13265,-0.111594,-0.0914174,-0.0920949,0.0913621,
1.772e+09,1772003416894606132,1,1.154,4.16102,0,0,0.358578,-2.2013,-1.1833,-1.26848,-1.26889,0.568394,-0.81575,-0.206721,0.17391,0.142334,0.143018,-0.14228,0,-2.3,-1.1,-1.2,-1.2,0.5,-0.484472,-0.133352,0.112542,0.0925194,0.0930775,-0.0924061,0.310875,0.0855688,-0.0722158,-0.0593675,-0.0597256,0.0592948,
1.772e+09,1772003417144416096,1,1.014,1.62793,0,0,0.221886,-2.23569,-1.15436,-1.24477,-1.245,0.544699,-0.48447,-0.133345,0.112542,0.0924941,0.0928621,-0.0923694,0,-2.3,-1.1,-1.2,-1.2,0.5,-0.299789,-0.0868884,0.0734485,0.0604836,0.0607963,-0.060392,0.192368,0.0557543,-0.0471302,-0.0388109,-0.0390116,0.0387522,
1.772e+09,1772003417394402360,1,0.98,0.666531,0,0,0.141169,-2.25806,-1.13551,-1.22929,-1.22946,0.529237,-0.299782,-0.0868732,0.0734485,0.0604029,0.0604662,-0.0603197,0,-2.3,-1.1,-1.2,-1.2,0.5,-0.190733,-0.0566656,0.0479708,0.0395734,0.0397991,-0.0395024,0.122389,0.036361,-0.0307817,-0.0253934,-0.0255382,0.0253478,
1.772e+09,1772003417644404541,1,1.017,0.280853,0,0,0.0913685,-2.27252,-1.12327,-1.21923,-1.21935,0.519187,-0.190729,-0.0566578,0.0479708,0.0395427,0.0396337,-0.039469,0,-2.3,-1.1,-1.2,-1.2,0.5,-0.123447,-0.0371241,0.0314451,0.0259749,0.0261396,-0.0259232,0.0792134,0.0238217,-0.0201776,-0.0166675,-0.0167732,0.0166343,
1.772e+09,1772003417894505162,1,1.046,0.119203,0,0,0.059385,-2.28197,-1.11527,-1.21264,-1.21273,0.512604,-0.123446,-0.0371181,0.0314451,0.0259683,0.0260146,-0.0259031,0,-2.3,-1.1,-1.2,-1.2,0.5,-0.0802347,-0.0243625,0.0206377,0.0170728,0.017197,-0.0170285,0.0514847,0.0156329,-0.0132428,-0.0109552,-0.0110349,0.0109268,
1.772e+09,1772003418145248578,1,1.834,140.806,0,1,0.0388467,-2.28816,-1.11003,-1.2083,-1.2084,0.508283,-0.0802302,-0.0243531,0.0206377,0.017037,0.0169697,-0.0169774,2,-1.6,-1.7,-1.7,-1.7,1,2.6497,0.929774,-0.797111,-0.664327,-0.664201,0.664356,-1.70025,-0.596614,0.511488,0.426283,0.426202,-0.426302,
1.772e+09,1772003418395277433,1,1.814,117.233,0,1,0.136312,-2.17706,-1.21947,-1.31206,-1.31105,0.611276,0.877827,0.929703,-0.797111,-0.66483,-0.664144,0.664441,2,-1.6,-1.7,-1.7,-1.7,1,2.51802,0.77966,-0.649247,-0.524143,-0.525512,0.525203,-1.61575,-0.50029,0.416607,0.336331,0.337209,-0.33701,
1.772e+09,1772003418644717977,1,1.326,71.2931,0,1,0.485192,-1.97842,-1.38538,-1.4462,-1.4456,0.745784,1.89402,0.77969,-0.649247,-0.52377,-0.525099,0.525108,2,-1.6,-1.7,-1.7,-1.7,1,2.04665,0.511285,-0.425077,-0.342911,-0.343713,0.343469,-1.31329,-0.328079,0.272762,0.220038,0.220553,-0.220396,
1.772e+09,1772003418895017822,1,1.554,31.0595,0,1,0.993607,-1.83947,-1.49975,-1.53744,-1.53741,0.83729,2.04665,0.511251,-0.425077,-0.343488,-0.344466,0.343599,2,-1.6,-1.7,-1.7,-1.7,1,1.35973,0.323551,-0.270552,-0.219635,-0.219679,0.219836,-0.872508,-0.207615,0.173607,0.140934,0.140963,-0.141064,
1.772e+09,1772003419145020541,1,1.598,11.4237,0,1,1.39628,-1.75311,-1.57128,-1.59503,-1.59519,0.894921,1.35977,0.323542,-0.270552,-0.220014,-0.220226,0.219916,2,-1.6,-1.7,-1.7,-1.7,1,0.815686,0.206866,-0.173914,-0.141824,-0.141605,0.141972,-0.523407,-0.132741,0.111597,0.0910051,0.0908646,-0.0911,
1.772e+09,1772003419395082944,1,1.612,4.15597,0,1,1.6414,-1.69877,-1.6167,-1.63193,-1.63215,0.931829,0.81582,0.206891,-0.173914,-0.141992,-0.141832,0.142001,2,-1.6,-1.7,-1.7,-1.7,1,0.484509,0.133451,-0.112545,-0.0919736,-0.0916777,0.0921052,-0.310898,-0.0856322,0.0722173,0.0590173,0.0588274,-0.0591018,
1.772e+09,1772003419644507050,1,1.103,1.62536,0,1,1.77811,-1.66436,-1.64564,-1.65553,-1.65574,0.95546,0.484561,0.133462,-0.112545,-0.0919608,-0.0917377,0.0921167,2,-1.6,-1.7,-1.7,-1.7,1,0.299793,0.0869529,-0.07345,-0.0600887,-0.0598005,0.0601782,-0.19237,-0.0557956,0.0471312,0.0385575,0.0383726,-0.0386149,
1.772e+09,1772003419893984233,1,0.666,0.671555,0,1,1.85807,-1.64209,-1.6644,-1.67087,-1.67105,0.970825,0.299813,0.0869209,-0.073391,-0.0600887,-0.0597987,0.0601547,2,-1.6,-1.7,-1.7,-1.7,1,0.191762,0.0568672,-0.048098,-0.0393531,-0.0391196,0.0394177,-0.123049,-0.0364904,0.0308634,0.025252,0.0251021,-0.0252934,
1.772e+09,1772003420144348362,1,0.972,0.283095,0,1,1.9081,-1.62758,-1.67666,-1.6809,-1.681,0.980856,0.191829,0.0568797,-0.048098,-0.0393514,-0.0388756,0.0393776,2,-1.6,-1.7,-1.7,-1.7,1,0.124162,0.037259,-0.0315354,-0.0258117,-0.0256686,0.0258654,-0.0796718,-0.0239083,0.0202356,0.0165628,0.016471,-0.0165972,
1.772e+09,1772003420395179323,1,1.649,0.1212,0,1,1.94,-1.61818,-1.68461,-1.6874,-1.68748,0.987379,0.124188,0.0372641,-0.0315354,-0.0257989,-0.0256163,0.025858,2,-1.6,-1.7,-1.7,-1.7,1,0.0810674,0.0245573,-0.0207905,-0.0170183,-0.0169194,0.0170518,-0.0520191,-0.0157578,0.0133408,0.0109203,0.0108568,-0.0109417,
1.772e+09,1772003420644792683,1,1.351,140.764,0,0,1.96075,-1.61193,-1.6899,-1.69173,-1.69178,0.991716,0.0810786,0.0245594,-0.0207905,-0.0170132,-0.0168551,0.0170413,0,-2.3,-1.1,-1.2,-1.2,0.5,-2.64915,-0.929647,0.797009,0.664376,0.664441,-0.664354,1.6999,0.596533,-0.511422,-0.426315,-0.426356,0.426301,
1.772e+09,1772003420894179818,1,0.863,117.292,0,0,1.86346,-1.7233,-1.5805,-1.58892,-1.59185,0.889402,-0.877045,-0.929608,0.797009,0.665079,0.664515,-0.664353,0,-2.3,-1.1,-1.2,-1.2,0.5,-2.51771,-0.779175,0.649205,0.525465,0.529421,-0.526119,1.61556,0.499979,-0.41658,-0.337178,-0.339717,0.337598,
1.772e+09,1772003421144671100,1,1.302,71.3353,0,0,1.51483,-1.92181,-1.4146,-1.45434,-1.45675,0.754722,-1.89278,-0.779182,0.649205,0.525327,0.528592,-0.525986,0,-2.3,-1.1,-1.2,-1.2,0.5,-2.04668,-0.510971,0.425053,0.34364,0.346891,-0.344154,1.31331,0.327878,-0.272747,-0.220506,-0.222592,0.220836,
1.772e+09,1772003421394643398,1,1.226,31.0855,0,0,1.00646,-2.06068,-1.30024,-1.36304,-1.36458,0.663114,-2.04668,-0.511011,0.425053,0.343247,0.346586,-0.344052,0,-2.3,-1.1,-1.2,-1.2,0.5,-1.35982,-0.323349,0.270538,0.220281,0.222358,-0.220383,0.872566,0.207486,-0.173598,-0.141349,-0.142682,0.141414,
1.772e+09,1772003421644622603,1,1.206,11.4367,0,0,0.603782,-2.147,-1.22871,-1.30544,-1.30622,0.605378,-1.35982,-0.32337,0.270538,0.220059,0.221978,-0.220289,0,-2.3,-1.1,-1.2,-1.2,0.5,-0.815767,-0.206718,0.173905,0.142462,0.143518,-0.142376,0.523459,0.132646,-0.111591,-0.0914147,-0.0920921,0.0913593,
1.772e+09,1772003421894635111,1,1.196,4.16107,0,0,0.358583,-2.2013,-1.18329,-1.26848,-1.26889,0.568391,-0.815761,-0.206715,0.173905,0.142329,0.143014,-0.142276,0,-2.3,-1.1,-1.2,-1.2,0.5,-0.484479,-0.133348,0.112539,0.0925166,0.0930747,-0.0924033,0.310879,0.0855664,-0.0722135,-0.0593657,-0.0597239,0.059293,
1.772e+09,1772003422144390819,1,0.999,1.62795,0,0,0.22189,-2.23569,-1.15436,-1.24477,-1.245,0.544697,-0.484477,-0.133342,0.112539,0.0924913,0.0928594,-0.0923666,0,-2.3,-1.1,-1.2,-1.2,0.5,-0.299794,-0.086886,0.0734463,0.0604818,0.0607946,-0.0603902,0.192371,0.0557527,-0.0471288,-0.0388098,-0.0390105,0.038751,
1.772e+09,1772003422394432942,1,1.006,0.666536,0,0,0.141171,-2.25806,-1.1355,-1.22929,-1.22946,0.529237,-0.299786,-0.0868708,0.0734463,0.0604011,0.0604644,-0.0603178,0,-2.3,-1.1,-1.2,-1.2,0.5,-0.190735,-0.056664,0.0479693,0.0395723,0.0397979,-0.0395013,0.12239,0.03636,-0.0307808,-0.0253926,-0.0255374,0.025347,
1.772e+09,1772003422644437301,1,1.048,0.280855,0,0,0.0913697,-2.27252,-1.12327,-1.21922,-1.21935,0.519186,-0.190732,-0.0566562,0.0479693,0.0395416,0.0396325,-0.0394678,0,-2.3,-1.1,-1.2,-1.2,0.5,-0.123449,-0.0371231,0.0314442,0.0259741,0.0261389,-0.0259224,0.0792144,0.023821,-0.020177,-0.016667,-0.0167727,0.0166338,
1.772e+09,1772003422894417648,1,0.986,0.119828,0,0,0.0595862,-2.28197,-1.11527,-1.21264,-1.21273,0.512603,-0.123438,-0.0371063,0.0314442,0.0258461,0.0258952,-0.0258361,0,-2.3,-1.1,-1.2,-1.2,0.5,-0.0805066,-0.0243641,0.0206371,0.0170718,0.0171975,-0.0170282,0.0516592,0.0156339,-0.0132424,-0.0109546,-0.0110353,0.0109266,
1.772e+09,1772003423144784501,1,1.363,140.791,0,1,0.0389845,-2.28816,-1.11003,-1.2083,-1.2084,0.508283,-0.080502,-0.0243547,0.0206371,0.0170357,0.0169696,-0.0169768,2,-1.6,-1.7,-1.7,-1.7,1,2.64952,0.929773,-0.797112,-0.664328,-0.6642,0.664356,-1.70013,-0.596614,0.511488,0.426284,0.426202,-0.426302,
1.772e+09,1772003423394709884,1,1.333,117.213,0,1,0.13646,-2.177,-1.21955,-1.31209,-1.31107,0.611313,0.877538,0.929701,-0.797112,-0.664835,-0.664142,0.664442,2,-1.6,-1.7,-1.7,-1.7,1,2.51782,0.779575,-0.64914,-0.524107,-0.525482,0.525152,-1.61563,-0.500235,0.416538,0.336307,0.337189,-0.336978,
1.772e+09,1772003423644709175,1,1.325,71.2845,0,1,0.485267,-1.97838,-1.38544,-1.44622,-1.44562,0.745811,1.89372,0.779605,-0.64914,-0.523733,-0.525069,0.525058,2,-1.6,-1.7,-1.7,-1.7,1,2.04655,0.511224,-0.425,-0.342885,-0.343691,0.343433,-1.31322,-0.32804,0.272713,0.220021,0.220539,-0.220373,
1.772e+09,1772003423894487649,1,1.137,31.0792,0,1,0.994286,-1.8408,-1.49862,-1.53644,-1.53627,0.836288,2.04655,0.51119,-0.425,-0.343465,-0.344444,0.343564,2,-1.6,-1.7,-1.7,-1.7,1,1.35881,0.32535,-0.272089,-0.220991,-0.221208,0.221191,-0.871919,-0.20877,0.174593,0.141805,0.141944,-0.141933,
1.772e+09,1772003424144488015,1,1.137,11.4308,0,1,1.39687,-1.75409,-1.57045,-1.59431,-1.59438,0.894204,1.35885,0.325342,-0.272089,-0.221366,-0.221772,0.221273,2,-1.6,-1.7,-1.7,-1.7,1,0.814885,0.208183,-0.175029,-0.142795,-0.142701,0.14294,-0.522893,-0.133586,0.112312,0.0916281,0.0915682,-0.0917214,
1.772e+09,1772003424394538057,1,1.136,4.2106,0,1,1.63939,-1.69981,-1.61584,-1.6312,-1.63138,0.931121,0.815019,0.208208,-0.175029,-0.142957,-0.142951,0.142974,2,-1.6,-1.7,-1.7,-1.7,1,0.487219,0.134849,-0.113703,-0.09295,-0.0927134,0.0930623,-0.312637,-0.0865295,0.0729604,0.0596438,0.059492,-0.0597159,
1.772e+09,1772003424644495811,1,1.14,1.65177,0,1,1.77647,-1.66504,-1.64507,-1.65505,-1.65523,0.954991,0.487271,0.134861,-0.113703,-0.0929354,-0.0927811,0.0930752,2,-1.6,-1.7,-1.7,-1.7,1,0.30201,0.087881,-0.0742181,-0.0607368,-0.060483,0.0608113,-0.193793,-0.0563912,0.0476241,0.0389734,0.0388106,-0.0390212,
1.772e+09,1772003424894437990,1,1.017,0.682547,0,1,1.85701,-1.64253,-1.66404,-1.67056,-1.67072,0.970523,0.302031,0.0878863,-0.0742181,-0.0607127,-0.0604751,0.0608123,2,-1.6,-1.7,-1.7,-1.7,1,0.193197,0.0574621,-0.0485838,-0.0397815,-0.0395663,0.0398258,-0.12397,-0.0368721,0.0311751,0.0255269,0.0253888,-0.0255553,
1.772e+09,1772003425144512170,1,1.155,0.287691,0,1,1.90742,-1.62787,-1.67642,-1.68069,-1.6808,0.980663,0.193264,0.0574748,-0.0485838,-0.0397792,-0.0393227,0.0397858,2,-1.6,-1.7,-1.7,-1.7,1,0.125084,0.03765,-0.0318543,-0.0260934,-0.0259369,0.0261259,-0.0802635,-0.0241591,0.0204402,0.0167435,0.0166431,-0.0167644,
1.772e+09,1772003425394766242,1,1.383,0.122654,0,1,1.93964,-1.61828,-1.68453,-1.68732,-1.6874,0.987309,0.12511,0.0376552,-0.0318543,-0.0260801,-0.0258861,0.0261188,2,-1.6,-1.7,-1.7,-1.7,1,0.0815546,0.0247047,-0.0209065,-0.0171257,-0.0170196,0.0171465,-0.0523317,-0.0158524,0.0134152,0.0109891,0.0109211,-0.0110025,
1.772e+09,1772003425645237787,1,1.792,140.732,0,0,1.96052,-1.612,-1.68984,-1.69168,-1.69173,0.991671,0.0815659,0.0247068,-0.0209065,-0.0171205,-0.0169553,0.017136,0,-2.3,-1.1,-1.2,-1.2,0.5,-2.64884,-0.929552,0.796935,0.664307,0.664377,-0.664293,1.6997,0.596472,-0.511375,-0.42627,-0.426316,0.426262,
1.772e+09,1772003425895198358,1,1.828,117.26,0,0,1.86327,-1.72341,-1.5804,-1.58877,-1.59172,0.889299,-0.876538,-0.929513,0.796935,0.665013,0.664452,-0.664292,0,-2.3,-1.1,-1.2,-1.2,0.5,-2.51746,-0.779028,0.64906,0.525263,0.52925,-0.525979,1.61539,0.499884,-0.416487,-0.337049,-0.339608,0.337509,
1.772e+09,1772003426145175805,1,1.785,71.3243,0,0,1.51477,-1.92188,-1.41452,-1.45424,-1.45666,0.754651,-1.89227,-0.779035,0.64906,0.525126,0.528421,-0.525846,0,-2.3,-1.1,-1.2,-1.2,0.5,-2.0466,-0.510871,0.424953,0.343499,0.346772,-0.344057,1.31325,0.327814,-0.272682,-0.220416,-0.222516,0.220773,
1.772e+09,1772003426394957570,1,1.6,31.0996,0,0,1.00595,-2.05961,-1.30112,-1.36377,-1.36525,0.663826,-2.0466,-0.51091,0.424953,0.343104,0.346467,-0.343955,0,-2.3,-1.1,-1.2,-1.2,0.5,-1.35914,-0.324794,0.271737,0.221263,0.22327,-0.221344,0.872126,0.208413,-0.174367,-0.141979,-0.143267,0.142031,
1.772e+09,1772003426645033350,1,1.659,11.4418,0,0,0.60334,-2.14621,-1.22936,-1.30597,-1.30671,0.605889,-1.35914,-0.324815,0.271737,0.221042,0.222887,-0.221251,0,-2.3,-1.1,-1.2,-1.2,0.5,-0.815169,-0.207779,0.174779,0.14317,0.144171,-0.143066,0.523075,0.133327,-0.112151,-0.0918687,-0.0925113,0.0918019,
1.772e+09,1772003426894903720,1,1.539,4.21608,0,0,0.360759,-2.20039,-1.18404,-1.26906,-1.26945,0.568967,-0.815163,-0.207776,0.174779,0.143038,0.143664,-0.142965,0,-2.3,-1.1,-1.2,-1.2,0.5,-0.487419,-0.134581,0.113541,0.093308,0.0938268,-0.0931814,0.312766,0.0863578,-0.0728565,-0.0598735,-0.0602065,0.0597923,
1.772e+09,1772003427144983252,1,1.582,1.65446,0,0,0.22364,-2.23508,-1.15485,-1.24515,-1.24537,0.54508,-0.487417,-0.134575,0.113541,0.0932824,0.0936084,-0.0931442,0,-2.3,-1.1,-1.2,-1.2,0.5,-0.302159,-0.0877076,0.0741134,0.0610076,0.0612949,-0.0609075,0.193888,0.0562799,-0.0475568,-0.0391472,-0.0393315,0.0390829,
1.772e+09,1772003427394685551,1,1.335,0.683915,0,0,0.143071,-2.25755,-1.13591,-1.2296,-1.22975,0.529541,-0.302151,-0.0876922,0.0741134,0.0609256,0.0609601,-0.0608341,0,-2.3,-1.1,-1.2,-1.2,0.5,-0.193302,-0.0573525,0.0485157,0.0399893,0.040201,-0.0399127,0.124037,0.0368018,-0.0311314,-0.0256602,-0.025796,0.025611,
1.772e+09,1772003427644364265,1,1.021,0.288349,0,0,0.0926346,-2.27219,-1.12354,-1.21943,-1.21954,0.519387,-0.193299,-0.0573445,0.0485157,0.0399576,0.0400324,-0.0398784,0,-2.3,-1.1,-1.2,-1.2,0.5,-0.125158,-0.0375768,0.031804,0.0262488,0.0264052,-0.0261933,0.080311,0.0241122,-0.0204079,-0.0168432,-0.0169436,0.0168076,
1.772e+09,1772003427894368049,1,1.036,0.123007,0,0,0.060406,-2.28175,-1.11545,-1.21277,-1.21286,0.512735,-0.125146,-0.0375596,0.031804,0.0261172,0.0261577,-0.0261051,0,-2.3,-1.1,-1.2,-1.2,0.5,-0.0816141,-0.0246606,0.0208733,0.0172533,0.0173729,-0.0172064,0.0523699,0.0158241,-0.0133939,-0.011071,-0.0111478,0.011041,
1.772e+09,1772003428145049798,1,1.689,140.722,0,1,0.0395174,-2.28802,-1.11014,-1.20839,-1.20848,0.50837,-0.0816095,-0.024651,0.0208733,0.0172159,0.017141,-0.0171539,2,-1.6,-1.7,-1.7,-1.7,1,2.6488,0.929578,-0.796957,-0.664208,-0.664084,0.664239,-1.69967,-0.596489,0.511389,0.426207,0.426127,-0.426226,
1.772e+09,1772003428395198133,1,1.83,116.337,0,1,0.141185,-2.17257,-1.2233,-1.31524,-1.31419,0.614445,0.895592,0.929625,-0.796957,-0.663857,-0.664024,0.664167,2,-1.6,-1.7,-1.7,-1.7,1,2.51143,0.773592,-0.64406,-0.519848,-0.521259,0.520922,-1.61153,-0.496396,0.413279,0.333575,0.33448,-0.334263,
1.772e+09,1772003428645236039,1,1.867,70.3602,0,1,0.494505,-1.97519,-1.38813,-1.44848,-1.44786,0.748056,1.91178,0.773638,-0.64406,-0.519232,-0.520024,0.520689,2,-1.6,-1.7,-1.7,-1.7,1,2.03406,0.506918,-0.421359,-0.339832,-0.340671,0.3404,-1.30521,-0.325277,0.270376,0.218062,0.218601,-0.218427,
1.772e+09,1772003428894982680,1,1.608,30.6251,0,1,1.00121,-1.83857,-1.50056,-1.53812,-1.53801,0.837965,2.03406,0.506885,-0.421359,-0.340402,-0.34141,0.340528,2,-1.6,-1.7,-1.7,-1.7,1,1.34946,0.32233,-0.269468,-0.218714,-0.218867,0.218924,-0.865914,-0.206832,0.172911,0.140344,0.140442,-0.140479,
1.772e+09,1772003429144959729,1,1.587,11.2662,0,1,1.40091,-1.75267,-1.5717,-1.5954,-1.5955,0.895287,1.34949,0.322322,-0.269468,-0.219081,-0.219414,0.219004,2,-1.6,-1.7,-1.7,-1.7,1,0.809427,0.206271,-0.173351,-0.141325,-0.141184,0.141478,-0.519391,-0.132359,0.111235,0.0906851,0.0905946,-0.090783,
1.772e+09,1772003429394988193,1,1.6,4.15472,0,1,1.64153,-1.69891,-1.61664,-1.63191,-1.6321,0.931817,0.80956,0.206295,-0.173351,-0.141485,-0.141419,0.141509,2,-1.6,-1.7,-1.7,-1.7,1,0.48433,0.133632,-0.112628,-0.0919982,-0.0917369,0.0921211,-0.310784,-0.0857488,0.072271,0.0590331,0.0588655,-0.059112,
1.772e+09,1772003429644734727,1,1.365,1.63119,0,1,1.77767,-1.66446,-1.64558,-1.6555,-1.65569,0.955442,0.484382,0.133644,-0.112628,-0.0919845,-0.0917988,0.0921329,2,-1.6,-1.7,-1.7,-1.7,1,0.300391,0.0870949,-0.0735236,-0.0601186,-0.0598606,0.0602017,-0.192754,-0.0558868,0.0471784,0.0385767,0.0384112,-0.0386301,
1.772e+09,1772003429894759904,1,1.395,0.674321,0,1,1.85774,-1.64216,-1.66436,-1.67086,-1.67102,0.970814,0.300411,0.0870629,-0.0734645,-0.0601186,-0.0598588,0.0601782,2,-1.6,-1.7,-1.7,-1.7,1,0.19221,0.0569604,-0.0481466,-0.0393733,-0.03916,0.0394335,-0.123337,-0.0365502,0.0308945,0.0252649,0.0251281,-0.0253036,
1.772e+09,1772003430144762352,1,1.367,0.284256,0,1,1.90789,-1.62762,-1.67664,-1.68089,-1.68098,0.980848,0.192277,0.0569729,-0.0481466,-0.0393717,-0.0389152,0.0393933,2,-1.6,-1.7,-1.7,-1.7,1,0.124452,0.0373199,-0.0315672,-0.0258249,-0.0256951,0.0258758,-0.0798578,-0.0239473,0.0202559,0.0165712,0.0164879,-0.0166039,
1.772e+09,1772003430394745378,1,1.379,0.121196,0,1,1.93994,-1.61813,-1.68467,-1.68746,-1.68752,0.98743,0.124478,0.037325,-0.0315672,-0.0258121,-0.0256427,0.0258684,2,-1.6,-1.7,-1.7,-1.7,1,0.081146,0.024489,-0.0207181,-0.0169492,-0.016862,0.0169826,-0.0520695,-0.015714,0.0132943,0.0108759,0.01082,-0.0108973,
1.772e+09,1772003430644886015,1,1.45,140.765,0,0,1.96071,-1.6119,-1.68994,-1.69177,-1.69181,0.99175,0.0811572,0.0244912,-0.0207181,-0.0169442,-0.0167973,0.016972,0,-2.3,-1.1,-1.2,-1.2,0.5,-2.64911,-0.929694,0.797058,0.664423,0.66448,-0.664401,1.69987,0.596563,-0.511454,-0.426345,-0.426382,0.426331,
1.772e+09,1772003430895249820,1,1.878,117.291,0,0,1.86345,-1.72328,-1.58052,-1.5889,-1.59183,0.88942,-0.876947,-0.929655,0.797058,0.665126,0.664554,-0.6644,0,-2.3,-1.1,-1.2,-1.2,0.5,-2.51769,-0.779205,0.649231,0.525435,0.529403,-0.526143,1.61555,0.499997,-0.416596,-0.337159,-0.339705,0.337614,
1.772e+09,1772003431145215740,1,1.837,71.3361,0,0,1.51484,-1.9218,-1.41461,-1.45432,-1.45674,0.754733,-1.89271,-0.779212,0.649231,0.525298,0.528573,-0.52601,0,-2.3,-1.1,-1.2,-1.2,0.5,-2.04669,-0.51099,0.425069,0.343616,0.346876,-0.344168,1.31331,0.32789,-0.272757,-0.220491,-0.222582,0.220845,
1.772e+09,1772003431394907210,1,1.549,31.0861,0,0,1.00647,-2.06067,-1.30024,-1.36303,-1.36457,0.663121,-2.04669,-0.511029,0.425069,0.343223,0.346571,-0.344067,0,-2.3,-1.1,-1.2,-1.2,0.5,-1.35983,-0.32336,0.270547,0.220265,0.222348,-0.220392,0.872573,0.207493,-0.173604,-0.141339,-0.142676,0.14142,
1.772e+09,1772003431644512698,1,1.158,11.4369,0,0,0.603788,-2.14699,-1.22872,-1.30543,-1.30622,0.605382,-1.35983,-0.323381,0.270547,0.220044,0.221968,-0.220298,0,-2.3,-1.1,-1.2,-1.2,0.5,-0.815775,-0.206725,0.173911,0.142452,0.143512,-0.142382,0.523464,0.13265,-0.111595,-0.0914084,-0.0920881,0.0913629,
1.772e+09,1772003431894618110,1,1.193,4.21343,0,0,0.361044,-2.20089,-1.18362,-1.26872,-1.26913,0.568639,-0.815769,-0.206722,0.173911,0.142319,0.143008,-0.142281,0,-2.3,-1.1,-1.2,-1.2,0.5,-0.487804,-0.1339,0.112979,0.0928407,0.0933986,-0.0927373,0.313012,0.0859207,-0.0724958,-0.0595737,-0.0599317,0.0595074,
1.772e+09,1772003432144987355,1,1.618,1.65306,0,0,0.223809,-2.23541,-1.15459,-1.24493,-1.24516,0.544867,-0.487801,-0.133894,0.112979,0.0928146,0.0931812,-0.0927002,0,-2.3,-1.1,-1.2,-1.2,0.5,-0.302387,-0.0872671,0.0737498,0.0607046,0.0610207,-0.0606195,0.194035,0.0559973,-0.0473235,-0.0389527,-0.0391556,0.0388981,
1.772e+09,1772003432394733491,1,1.366,0.676833,0,0,0.142403,-2.25788,-1.13565,-1.2294,-1.22957,0.529347,-0.30238,-0.0872518,0.0737498,0.0606221,0.0606872,-0.0605462,0,-2.3,-1.1,-1.2,-1.2,0.5,-0.192399,-0.0569116,0.0481665,0.039718,0.0399461,-0.039651,0.123458,0.0365189,-0.0309073,-0.0254861,-0.0256325,0.0254431,
1.772e+09,1772003432644748137,1,1.386,0.28512,0,0,0.0921545,-2.2724,-1.12337,-1.2193,-1.21942,0.519259,-0.192396,-0.0569037,0.0481665,0.0396866,0.0397791,-0.039617,0,-2.3,-1.1,-1.2,-1.2,0.5,-0.124509,-0.0372848,0.031573,0.0260696,0.0262359,-0.0260203,0.0798948,0.0239248,-0.0202596,-0.0167283,-0.016835,0.0166966,
1.772e+09,1772003432894740047,1,1.37,0.120992,0,0,0.0598903,-2.28189,-1.11534,-1.21268,-1.21278,0.512651,-0.124508,-0.0372787,0.031573,0.0260628,0.0261095,-0.026,0,-2.3,-1.1,-1.2,-1.2,0.5,-0.0809175,-0.024467,0.0207216,0.0171355,0.0172604,-0.0170925,0.0519229,0.0156999,-0.0132966,-0.0109955,-0.0110756,0.0109679,
1.772e+09,1772003433145235299,1,1.862,140.767,0,1,0.0391751,-2.28811,-1.11007,-1.20833,-1.20843,0.508314,-0.0809129,-0.0244575,0.0207216,0.0170989,0.017031,-0.0170407,2,-1.6,-1.7,-1.7,-1.7,1,2.64926,0.929705,-0.797056,-0.664286,-0.664159,0.664314,-1.69997,-0.59657,0.511452,0.426257,0.426175,-0.426275,
1.772e+09,1772003433395178463,1,1.779,117.215,0,1,0.13647,-2.17703,-1.21949,-1.31208,-1.31106,0.611293,0.877144,0.929634,-0.797056,-0.664789,-0.664102,0.664399,2,-1.6,-1.7,-1.7,-1.7,1,2.5178,0.779627,-0.649219,-0.524121,-0.525489,0.52518,-1.61562,-0.500268,0.416589,0.336316,0.337194,-0.336996,
1.772e+09,1772003433645190546,1,1.837,71.2932,0,1,0.485179,-1.97841,-1.3854,-1.44621,-1.44561,0.745795,1.89333,0.779657,-0.649219,-0.523747,-0.525076,0.525085,2,-1.6,-1.7,-1.7,-1.7,1,2.04667,0.511264,-0.42506,-0.342897,-0.343699,0.343455,-1.3133,-0.328066,0.272751,0.220029,0.220544,-0.220387,
1.772e+09,1772003433895043619,1,1.598,31.061,0,1,0.993572,-1.83946,-1.49976,-1.53745,-1.53741,0.837297,2.04667,0.511231,-0.42506,-0.343474,-0.344452,0.343585,2,-1.6,-1.7,-1.7,-1.7,1,1.35978,0.323539,-0.270542,-0.219626,-0.21967,0.219827,-0.872538,-0.207607,0.173601,0.140929,0.140957,-0.141058,
1.772e+09,1772003434144907827,1,1.56,11.4244,0,1,1.39625,-1.7531,-1.57128,-1.59503,-1.5952,0.894925,1.35981,0.32353,-0.270542,-0.220006,-0.220218,0.219907,2,-1.6,-1.7,-1.7,-1.7,1,0.815724,0.206859,-0.173908,-0.141819,-0.1416,0.141966,-0.523431,-0.132737,0.111592,0.0910017,0.0908612,-0.0910966,
1.772e+09,1772003434395245823,1,1.858,4.20715,0,1,1.63899,-1.69917,-1.61638,-1.63168,-1.63191,0.931588,0.815858,0.206884,-0.173908,-0.141987,-0.141827,0.141996,2,-1.6,-1.7,-1.7,-1.7,1,0.487752,0.133994,-0.112977,-0.0923119,-0.092002,0.0924313,-0.312979,-0.0859809,0.0724945,0.0592344,0.0590356,-0.059311,
1.772e+09,1772003434644429968,1,1.018,1.64986,0,1,1.77624,-1.66464,-1.64542,-1.65535,-1.65557,0.955294,0.487804,0.134006,-0.112977,-0.0923004,-0.0920616,0.0924426,2,-1.6,-1.7,-1.7,-1.7,1,0.302319,0.0873281,-0.0737484,-0.0603215,-0.0600294,0.0604026,-0.193991,-0.0560364,0.0473227,0.0387069,0.0385195,-0.0387589,
1.772e+09,1772003434894804508,1,1.403,0.681657,0,1,1.85687,-1.64227,-1.66426,-1.67076,-1.67093,0.970719,0.302339,0.0872955,-0.0736888,-0.0603215,-0.0600277,0.0603792,2,-1.6,-1.7,-1.7,-1.7,1,0.193387,0.0571072,-0.0482854,-0.0395073,-0.03927,0.0395617,-0.124092,-0.0366443,0.0309836,0.0253509,0.0251986,-0.0253858,
1.772e+09,1772003435144771691,1,1.407,0.287294,0,1,1.90733,-1.6277,-1.67657,-1.68082,-1.68095,0.980791,0.193454,0.0571198,-0.0482854,-0.0395065,-0.0390217,0.0395209,2,-1.6,-1.7,-1.7,-1.7,1,0.125205,0.037419,-0.0316606,-0.0259136,-0.0257434,0.0259538,-0.0803409,-0.0240109,0.0203158,0.0166282,0.0165189,-0.0166539,
1.772e+09,1772003435394980896,1,1.603,0.122479,0,1,1.93958,-1.61817,-1.68462,-1.68741,-1.6875,0.987393,0.125231,0.0374241,-0.0316606,-0.0259009,-0.0256905,0.0259464,2,-1.6,-1.7,-1.7,-1.7,1,0.0816325,0.0245538,-0.0207794,-0.0170073,-0.0168931,0.0170337,-0.0523817,-0.0157556,0.0133337,0.0109132,0.0108399,-0.0109301,
1.772e+09,1772003435644836986,1,1.333,140.737,0,0,1.96048,-1.61193,-1.68991,-1.69174,-1.69179,0.991726,0.0816438,0.024556,-0.0207794,-0.0170024,-0.0168279,0.017023,0,-2.3,-1.1,-1.2,-1.2,0.5,-2.64879,-0.929651,0.797018,0.664385,0.66446,-0.664367,1.69967,0.596536,-0.511428,-0.42632,-0.426369,0.426309,
1.772e+09,1772003435895528474,1,2.149,116.424,0,0,1.85878,-1.72774,-1.57672,-1.58585,-1.58893,0.886294,-0.895658,-0.929615,0.797018,0.665042,0.66353,-0.664205,0,-2.3,-1.1,-1.2,-1.2,0.5,-2.51138,-0.773176,0.644092,0.521317,0.52548,-0.521919,1.61149,0.496129,-0.413299,-0.334517,-0.337188,0.334903,
1.772e+09,1772003436144683766,1,1.368,70.4048,0,0,1.50549,-1.92501,-1.41188,-1.45214,-1.45467,0.752488,-1.9114,-0.773185,0.644092,0.521162,0.524656,-0.521785,0,-2.3,-1.1,-1.2,-1.2,0.5,-2.03406,-0.506641,0.421379,0.340671,0.344079,-0.341135,1.30521,0.3251,-0.270389,-0.218601,-0.220787,0.218899,
1.772e+09,1772003436394516288,1,1.125,30.6248,0,0,0.999147,-2.06268,-1.29853,-1.36165,-1.36326,0.661699,-2.03406,-0.50668,0.421379,0.340284,0.34378,-0.341035,0,-2.3,-1.1,-1.2,-1.2,0.5,-1.34994,-0.320647,0.268226,0.218403,0.220574,-0.21847,0.866226,0.205752,-0.172114,-0.140144,-0.141537,0.140187,
1.772e+09,1772003436644473658,1,1.15,11.2682,0,0,0.599419,-2.14824,-1.22764,-1.30456,-1.30539,0.604482,-1.34994,-0.320667,0.268226,0.218186,0.220199,-0.218378,0,-2.3,-1.1,-1.2,-1.2,0.5,-0.809871,-0.205038,0.172457,0.141272,0.142388,-0.141165,0.519676,0.131568,-0.110662,-0.090651,-0.0913673,0.0905823,
1.772e+09,1772003436894928316,1,1.543,4.10501,0,0,0.356275,-2.20209,-1.18261,-1.26791,-1.26835,0.567818,-0.809866,-0.205035,0.172457,0.141142,0.141892,-0.141066,0,-2.3,-1.1,-1.2,-1.2,0.5,-0.481361,-0.132288,0.111619,0.0917513,0.0923441,-0.0916278,0.308878,0.0848859,-0.0716232,-0.0588747,-0.0592551,0.0587955,
1.772e+09,1772003437144390857,1,1.046,1.60762,0,0,0.220604,-2.2362,-1.15392,-1.2444,-1.24465,0.544325,-0.481358,-0.132281,0.111619,0.0917264,0.0921315,-0.0915917,0,-2.3,-1.1,-1.2,-1.2,0.5,-0.298057,-0.0862011,0.0728518,0.0599848,0.0603221,-0.0598869,0.191256,0.0553133,-0.0467473,-0.0384909,-0.0387073,0.038428,
1.772e+09,1772003437394741051,1,1.317,0.658507,0,0,0.140395,-2.25839,-1.13522,-1.22905,-1.22923,0.528994,-0.298049,-0.0861861,0.0728518,0.0599049,0.0599958,-0.0598153,0,-2.3,-1.1,-1.2,-1.2,0.5,-0.189686,-0.0562211,0.0475848,0.0392489,0.0394904,-0.0391739,0.121717,0.0360758,-0.0305341,-0.0251851,-0.0253401,0.025137,
1.772e+09,1772003437644364066,1,1.051,0.277522,0,0,0.0908785,-2.27274,-1.12309,-1.21907,-1.2192,0.519028,-0.189683,-0.0562133,0.0475848,0.0392185,0.0393267,-0.0391408,0,-2.3,-1.1,-1.2,-1.2,0.5,-0.122785,-0.0368338,0.0311931,0.0257628,0.0259377,-0.0257085,0.0787886,0.0236354,-0.0200159,-0.0165314,-0.0166436,0.0164966,
1.772e+09,1772003437894372885,1,1.005,0.117799,0,0,0.0590701,-2.28211,-1.11515,-1.21253,-1.21263,0.512499,-0.122784,-0.0368278,0.0311931,0.0257563,0.0258138,-0.0256886,0,-2.3,-1.1,-1.2,-1.2,0.5,-0.0798092,-0.0241738,0.0204724,0.016933,0.0170641,-0.0168875,0.0512117,0.0155117,-0.0131366,-0.0108655,-0.0109497,0.0108363,
1.772e+09,1772003438144453666,1,1.181,140.837,0,1,0.0386421,-2.28826,-1.10995,-1.20824,-1.20833,0.508215,-0.0798048,-0.0241645,0.0204724,0.0168976,0.0168388,-0.0168368,2,-1.6,-1.7,-1.7,-1.7,1,2.64998,0.929898,-0.79722,-0.664418,-0.664289,0.664448,-1.70043,-0.596694,0.511557,0.426342,0.426259,-0.426361,
1.772e+09,1772003438395248196,1,1.822,116.354,0,1,0.140924,-2.1725,-1.22336,-1.31527,-1.3143,0.614514,0.897423,0.929945,-0.79722,-0.664067,-0.664228,0.664376,2,-1.6,-1.7,-1.7,-1.7,1,2.51179,0.773501,-0.643981,-0.519803,-0.521118,0.520828,-1.61176,-0.496338,0.413227,0.333546,0.334389,-0.334203,
1.772e+09,1772003438645137332,1,1.77,70.3402,0,1,0.494703,-1.97513,-1.38819,-1.44851,-1.44794,0.748114,1.91361,0.773548,-0.643981,-0.519188,-0.519884,0.520595,2,-1.6,-1.7,-1.7,-1.7,1,2.0338,0.506832,-0.421287,-0.339789,-0.340558,0.340321,-1.30504,-0.325222,0.27033,0.218035,0.218528,-0.218376,
1.772e+09,1772003438895037898,1,1.604,30.5878,0,1,1.00106,-1.83742,-1.50152,-1.53891,-1.53888,0.838767,2.0338,0.506799,-0.421287,-0.340356,-0.341297,0.340448,2,-1.6,-1.7,-1.7,-1.7,1,1.34966,0.320775,-0.268167,-0.217646,-0.217683,0.21784,-0.866043,-0.205834,0.172077,0.139658,0.139682,-0.139783,
1.772e+09,1772003439144878906,1,1.569,11.251,0,1,1.40073,-1.75183,-1.57238,-1.59595,-1.59613,0.895857,1.34969,0.320767,-0.268167,-0.218017,-0.218216,0.217918,2,-1.6,-1.7,-1.7,-1.7,1,0.809669,0.20514,-0.17242,-0.140576,-0.140333,0.140707,-0.519546,-0.131634,0.110638,0.0902046,0.0900481,-0.0902887,
1.772e+09,1772003439394992721,1,1.582,4.09702,0,1,1.64383,-1.69797,-1.6174,-1.63252,-1.63275,0.932427,0.809802,0.205165,-0.17242,-0.14074,-0.140549,0.140735,2,-1.6,-1.7,-1.7,-1.7,1,0.48122,0.132361,-0.111595,-0.091172,-0.0908647,0.091297,-0.308788,-0.0849331,0.0716079,0.0585029,0.0583058,-0.0585831,
1.772e+09,1772003439644286218,1,0.992,1.6038,0,1,1.77948,-1.66384,-1.64609,-1.65591,-1.65613,0.955847,0.481271,0.132373,-0.111595,-0.0911594,-0.0909206,0.0913077,2,-1.6,-1.7,-1.7,-1.7,1,0.297938,0.0862493,-0.0728365,-0.0595691,-0.0592791,0.0596542,-0.19118,-0.0553442,0.0467375,0.0382241,0.038038,-0.0382787,
1.772e+09,1772003439894415251,1,1.031,0.656681,0,1,1.85967,-1.64164,-1.66478,-1.67118,-1.67135,0.971131,0.297957,0.0862176,-0.0727782,-0.0595691,-0.0592774,0.0596315,2,-1.6,-1.7,-1.7,-1.7,1,0.189596,0.0562581,-0.0475887,-0.0389443,-0.0387105,0.0390052,-0.121659,-0.0360995,0.0305366,0.0249897,0.0248396,-0.0250287,
1.772e+09,1772003440144309970,1,1.003,0.27666,0,1,1.90917,-1.62728,-1.67691,-1.68109,-1.6812,0.981057,0.189661,0.0562703,-0.0475887,-0.0389424,-0.038469,0.0389655,2,-1.6,-1.7,-1.7,-1.7,1,0.122714,0.0368573,-0.0311999,-0.0255428,-0.025399,0.0255939,-0.0787425,-0.0236505,0.0200202,0.0163902,0.0162979,-0.016423,
1.772e+09,1772003440394567723,1,1.159,0.118464,0,1,1.94069,-1.61798,-1.68478,-1.68754,-1.68761,0.987512,0.122739,0.0368622,-0.0311999,-0.0255302,-0.0253458,0.0255864,2,-1.6,-1.7,-1.7,-1.7,1,0.0801288,0.0242948,-0.0205692,-0.0168411,-0.0167423,0.0168729,-0.0514168,-0.0155894,0.0131988,0.0108065,0.0107432,-0.010827,
1.772e+09,1772003440644730494,1,1.317,140.825,0,0,1.9612,-1.6118,-1.69001,-1.69182,-1.69187,0.991802,0.0801397,0.0242969,-0.0205692,-0.0168361,-0.0166782,0.0168625,0,-2.3,-1.1,-1.2,-1.2,0.5,-2.64976,-0.929819,0.797155,0.664492,0.664556,-0.664471,1.70029,0.596643,-0.511516,-0.426389,-0.42643,0.426376,
1.772e+09,1772003440895210110,1,1.809,116.462,0,0,1.85912,-1.72768,-1.57677,-1.58585,-1.58894,0.886335,-0.897142,-0.929783,0.797155,0.66515,0.663626,-0.664309,0,-2.3,-1.1,-1.2,-1.2,0.5,-2.51185,-0.773264,0.644162,0.521323,0.525501,-0.521975,1.6118,0.496185,-0.413344,-0.334521,-0.337202,0.334939,
1.772e+09,1772003441145209534,1,1.885,70.4047,0,0,1.50547,-1.92497,-1.41191,-1.45214,-1.45467,0.752513,-1.91289,-0.773272,0.644162,0.521168,0.524677,-0.521841,0,-2.3,-1.1,-1.2,-1.2,0.5,-2.03403,-0.506694,0.421421,0.34067,0.344089,-0.341169,1.30519,0.325134,-0.270416,-0.2186,-0.220794,0.218921,
1.772e+09,1772003441394946759,1,1.551,30.622,0,0,0.99908,-2.06265,-1.29854,-1.36165,-1.36326,0.661714,-2.03403,-0.506733,0.421421,0.340283,0.34379,-0.341069,0,-2.3,-1.1,-1.2,-1.2,0.5,-1.34985,-0.320679,0.268252,0.218402,0.22058,-0.218491,0.866168,0.205772,-0.172131,-0.140143,-0.141541,0.140201,
1.772e+09,1772003441644924145,1,1.597,11.2668,0,0,0.599365,-2.14823,-1.22765,-1.30456,-1.30539,0.604492,-1.34985,-0.320699,0.268252,0.218185,0.220206,-0.218399,0,-2.3,-1.1,-1.2,-1.2,0.5,-0.809798,-0.205058,0.172474,0.141271,0.142392,-0.141178,0.519629,0.131581,-0.110672,-0.0906506,-0.0913698,0.0905908,
1.772e+09,1772003441894946943,1,1.556,4.10451,0,0,0.356242,-2.20208,-1.18262,-1.26791,-1.26835,0.567824,-0.809792,-0.205055,0.172474,0.141141,0.141896,-0.14108,0,-2.3,-1.1,-1.2,-1.2,0.5,-0.481316,-0.1323,0.111629,0.09175,0.0923514,-0.0916368,0.308849,0.084894,-0.0716298,-0.0588738,-0.0592597,0.0588012,
1.772e+09,1772003442144366942,1,1.045,1.60745,0,0,0.220585,-2.23619,-1.15393,-1.2444,-1.24465,0.544329,-0.481313,-0.132294,0.111629,0.0917251,0.0921388,-0.0916007,0,-2.3,-1.1,-1.2,-1.2,0.5,-0.29803,-0.0862093,0.0728585,0.0599839,0.0603271,-0.0598927,0.191239,0.0553185,-0.0467516,-0.0384903,-0.0387105,0.0384318,
1.772e+09,1772003442393899354,1,0.657,0.664689,0,0,0.141146,-2.25827,-1.1353,-1.2291,-1.22929,0.52905,-0.298023,-0.0861943,0.0728585,0.059904,0.0600007,-0.0598212,0,-2.3,-1.1,-1.2,-1.2,0.5,-0.190701,-0.0563778,0.0476995,0.0393197,0.039567,-0.0392492,0.122369,0.0361763,-0.0306077,-0.0252306,-0.0253892,0.0251853,
1.772e+09,1772003442644471755,1,1.112,0.28035,0,0,0.0914108,-2.27266,-1.12314,-1.2191,-1.21924,0.519066,-0.190698,-0.05637,0.0476995,0.0392889,0.0394023,-0.0392158,0,-2.3,-1.1,-1.2,-1.2,0.5,-0.123505,-0.0369402,0.0312709,0.025811,0.0259903,-0.0257596,0.07925,0.0237036,-0.0200658,-0.0165623,-0.0166774,0.0165294,
1.772e+09,1772003442894813602,1,1.378,0.119617,0,0,0.0596153,-2.28206,-1.11519,-1.21256,-1.21266,0.512524,-0.123493,-0.0369234,0.0312709,0.0256827,0.0257474,-0.0256734,0,-2.3,-1.1,-1.2,-1.2,0.5,-0.0805458,-0.0242448,0.0205234,0.0169646,0.0171,-0.0169214,0.0516844,0.0155573,-0.0131694,-0.0108858,-0.0109727,0.010858,
1.772e+09,1772003443145156689,1,1.825,140.797,0,1,0.0390035,-2.28822,-1.10997,-1.20825,-1.20835,0.508231,-0.0805413,-0.0242354,0.0205234,0.0169282,0.0168724,-0.01687,2,-1.6,-1.7,-1.7,-1.7,1,2.64949,0.929851,-0.797186,-0.664397,-0.664264,0.664426,-1.70012,-0.596664,0.511536,0.426328,0.426243,-0.426347,
1.772e+09,1772003443395238507,1,1.83,117.229,0,1,0.13639,-2.17709,-1.21944,-1.31203,-1.31102,0.611248,0.877497,0.92978,-0.797186,-0.664903,-0.664207,0.664511,2,-1.6,-1.7,-1.7,-1.7,1,2.51791,0.779705,-0.649286,-0.524181,-0.525546,0.52524,-1.61569,-0.500319,0.416632,0.336355,0.337231,-0.337034,
1.772e+09,1772003443644732554,1,1.403,71.2948,0,1,0.485187,-1.97844,-1.38537,-1.44618,-1.44559,0.745767,1.89369,0.779735,-0.649286,-0.523807,-0.525133,0.525145,2,-1.6,-1.7,-1.7,-1.7,1,2.04665,0.511313,-0.425101,-0.342934,-0.343734,0.343492,-1.31329,-0.328097,0.272777,0.220053,0.220566,-0.220411,
1.772e+09,1772003443895015429,1,1.602,31.0798,0,1,0.99407,-1.8406,-1.49881,-1.53665,-1.53657,0.836511,2.04665,0.511279,-0.425101,-0.343513,-0.344487,0.343622,2,-1.6,-1.7,-1.7,-1.7,1,1.35911,0.32508,-0.271829,-0.220695,-0.220811,0.22089,-0.872107,-0.208596,0.174426,0.141615,0.141689,-0.14174,
1.772e+09,1772003444144891006,1,1.554,11.4312,0,1,1.39669,-1.75393,-1.5706,-1.59447,-1.5946,0.894366,1.35914,0.325072,-0.271829,-0.22107,-0.221372,0.220972,2,-1.6,-1.7,-1.7,-1.7,1,0.815123,0.20798,-0.174836,-0.14258,-0.142409,0.142721,-0.523046,-0.133456,0.112188,0.09149,0.0913807,-0.091581,
1.772e+09,1772003444394504696,1,1.164,4.20991,0,1,1.63931,-1.69971,-1.61594,-1.63131,-1.63152,0.931226,0.815257,0.208005,-0.174836,-0.142743,-0.142655,0.142754,2,-1.6,-1.7,-1.7,-1.7,1,0.487325,0.134718,-0.113578,-0.0928086,-0.0925252,0.0929206,-0.312705,-0.0864452,0.0728802,0.0595531,0.0593713,-0.059625,
1.772e+09,1772003444644471939,1,1.178,1.6522,0,1,1.77636,-1.66498,-1.64513,-1.65512,-1.65532,0.955058,0.487377,0.134729,-0.113578,-0.0927945,-0.0925916,0.0929332,2,-1.6,-1.7,-1.7,-1.7,1,0.302164,0.0877962,-0.0741372,-0.060643,-0.0603667,0.0607203,-0.193892,-0.0563368,0.0475721,0.0389132,0.0387359,-0.0389628,
1.772e+09,1772003444894446017,1,1.037,0.676315,0,1,1.8577,-1.64237,-1.66416,-1.67066,-1.67083,0.970622,0.302186,0.0878014,-0.0741372,-0.0606191,-0.0603582,0.0607211,2,-1.6,-1.7,-1.7,-1.7,1,0.192257,0.0572506,-0.0484171,-0.0396469,-0.0394174,0.039693,-0.123367,-0.0367364,0.0310681,0.0254405,0.0252932,-0.0254701,
1.772e+09,1772003445144695509,1,1.369,0.284821,0,1,1.90792,-1.62776,-1.67651,-1.68075,-1.68086,0.980726,0.192278,0.057243,-0.0483939,-0.0396469,-0.0394147,0.039667,2,-1.6,-1.7,-1.7,-1.7,1,0.124406,0.037505,-0.0317399,-0.0260031,-0.0258559,0.0260416,-0.0798283,-0.0240661,0.0203667,0.0166856,0.0165911,-0.0167103,
1.772e+09,1772003445394788371,1,1.389,0.120798,0,1,1.94017,-1.61821,-1.68458,-1.68737,-1.68744,0.98735,0.124432,0.0375102,-0.0317399,-0.0259897,-0.025805,0.0260346,2,-1.6,-1.7,-1.7,-1.7,1,0.0808397,0.0246067,-0.0208313,-0.0170677,-0.0169668,0.0170911,-0.0518729,-0.0157895,0.013367,0.010952,0.0108872,-0.010967,
1.772e+09,1772003445645180318,1,1.802,140.773,0,0,1.96087,-1.61195,-1.68988,-1.69171,-1.69176,0.991698,0.0808508,0.0246088,-0.0208313,-0.0170625,-0.0169031,0.0170808,0,-2.3,-1.1,-1.2,-1.2,0.5,-2.64932,-0.929616,0.796984,0.664345,0.664412,-0.66433,1.7,0.596513,-0.511406,-0.426295,-0.426338,0.426285,
1.772e+09,1772003445895237943,1,1.859,117.296,0,0,1.86353,-1.72331,-1.58049,-1.58886,-1.59181,0.889392,-0.877254,-0.929578,0.796984,0.66505,0.664487,-0.664329,0,-2.3,-1.1,-1.2,-1.2,0.5,-2.5178,-0.779167,0.649193,0.525392,0.529367,-0.526105,1.61561,0.499973,-0.416572,-0.337132,-0.339683,0.337589,
1.772e+09,1772003446144695602,1,1.368,71.3352,0,0,1.51476,-1.92173,-1.41467,-1.45439,-1.45681,0.754798,-1.89299,-0.779174,0.649193,0.525255,0.528538,-0.525972,0,-2.3,-1.1,-1.2,-1.2,0.5,-2.04659,-0.511075,0.425153,0.343704,0.346976,-0.344256,1.31325,0.327945,-0.272811,-0.220547,-0.222647,0.220901,
1.772e+09,1772003446394535591,1,1.17,31.0851,0,0,1.0064,-2.06062,-1.30029,-1.36308,-1.36463,0.66317,-2.04659,-0.511114,0.425153,0.343311,0.346671,-0.344154,0,-2.3,-1.1,-1.2,-1.2,0.5,-1.35974,-0.32343,0.270614,0.220333,0.222425,-0.220459,0.872516,0.207537,-0.173647,-0.141382,-0.142725,0.141463,
1.772e+09,1772003446644645931,1,1.273,11.4366,0,0,0.603746,-2.14696,-1.22875,-1.30547,-1.30626,0.605414,-1.35974,-0.32345,0.270614,0.220111,0.222044,-0.220365,0,-2.3,-1.1,-1.2,-1.2,0.5,-0.815718,-0.20677,0.173954,0.142496,0.143561,-0.142425,0.523427,0.132679,-0.111622,-0.0914362,-0.0921199,0.0913906,
1.772e+09,1772003446895198441,1,1.74,4.21493,0,0,0.3611,-2.20087,-1.18364,-1.26874,-1.26915,0.568659,-0.815712,-0.206767,0.173954,0.142363,0.143057,-0.142325,0,-2.3,-1.1,-1.2,-1.2,0.5,-0.48788,-0.133929,0.113006,0.0928686,0.0934304,-0.0927651,0.313061,0.0859391,-0.0725135,-0.0595916,-0.0599521,0.0595252,
1.772e+09,1772003447144697169,1,1.261,1.65566,0,0,0.224018,-2.2354,-1.1546,-1.24494,-1.24518,0.54488,-0.487877,-0.133923,0.113006,0.0928425,0.0932129,-0.092728,0,-2.3,-1.1,-1.2,-1.2,0.5,-0.302669,-0.0872856,0.0737676,0.0607217,0.0610365,-0.0606367,0.194216,0.0560092,-0.0473349,-0.0389637,-0.0391657,0.0389092,
1.772e+09,1772003447394388070,1,0.985,0.678612,0,0,0.142632,-2.25787,-1.13566,-1.22941,-1.22957,0.529356,-0.302661,-0.0872703,0.0737676,0.0606389,0.0607027,-0.0605632,0,-2.3,-1.1,-1.2,-1.2,0.5,-0.192709,-0.0569237,0.048178,0.03973,0.0399576,-0.0396629,0.123657,0.0365266,-0.0309147,-0.0254938,-0.0256399,0.0254508,
1.772e+09,1772003447644440172,1,1.067,0.286271,0,0,0.0923868,-2.2724,-1.12337,-1.2193,-1.21942,0.519264,-0.192705,-0.0569158,0.048178,0.0396984,0.0397904,-0.0396289,0,-2.3,-1.1,-1.2,-1.2,0.5,-0.124823,-0.0372927,0.0315804,0.0260774,0.0262435,-0.0260281,0.0800962,0.0239299,-0.0202644,-0.0167333,-0.0168399,0.0167016,
1.772e+09,1772003447894609378,1,1.217,0.121488,0,0,0.0600443,-2.28189,-1.11534,-1.21269,-1.21278,0.512655,-0.124822,-0.0372866,0.0315804,0.0260705,0.0261168,-0.0260077,0,-2.3,-1.1,-1.2,-1.2,0.5,-0.0811255,-0.0244721,0.0207265,0.0171408,0.0172654,-0.0170977,0.0520564,0.0157032,-0.0132997,-0.0109988,-0.0110788,0.0109712,
1.772e+09,1772003448145172643,1,1.828,140.756,0,1,0.0392752,-2.28811,-1.11007,-1.20834,-1.20843,0.508317,-0.0811209,-0.0244626,0.0207265,0.0171039,0.0170355,-0.0170457,2,-1.6,-1.7,-1.7,-1.7,1,2.64912,0.929702,-0.797053,-0.664282,-0.664156,0.66431,-1.69988,-0.596568,0.51145,0.426254,0.426173,-0.426272,
1.772e+09,1772003448395270227,1,1.868,116.353,0,1,0.141063,-2.17262,-1.22327,-1.31524,-1.31412,0.614415,0.896075,0.929749,-0.797053,-0.663931,-0.664095,0.664238,2,-1.6,-1.7,-1.7,-1.7,1,2.5116,0.773668,-0.64411,-0.519847,-0.521363,0.520961,-1.61163,-0.496445,0.413311,0.333574,0.334546,-0.334289,
1.772e+09,1772003448645129721,1,1.795,70.3622,0,1,0.494504,-1.97523,-1.38811,-1.44848,-1.4478,0.748037,1.91226,0.773714,-0.64411,-0.519231,-0.520129,0.520729,2,-1.6,-1.7,-1.7,-1.7,1,2.03407,0.506965,-0.42139,-0.339827,-0.340742,0.340425,-1.30521,-0.325308,0.270396,0.218059,0.218646,-0.218443,
1.772e+09,1772003448894585325,1,1.214,30.6,0,1,1.00088,-1.83748,-1.50147,-1.53889,-1.5388,0.838718,2.03407,0.506932,-0.42139,-0.340394,-0.341481,0.340552,2,-1.6,-1.7,-1.7,-1.7,1,1.34991,0.32086,-0.268233,-0.217671,-0.2178,0.217907,-0.866204,-0.205888,0.172119,0.139674,0.139757,-0.139826,
1.772e+09,1772003449144556734,1,1.174,11.2683,0,1,1.40029,-1.75195,-1.57227,-1.59585,-1.596,0.895746,1.34994,0.320852,-0.268233,-0.218042,-0.218334,0.217984,2,-1.6,-1.7,-1.7,-1.7,1,0.810264,0.2053,-0.172569,-0.140715,-0.140513,0.140858,-0.519928,-0.131737,0.110734,0.0902935,0.0901639,-0.090385,
1.772e+09,1772003449394605555,1,1.182,4.16076,0,1,1.64091,-1.69853,-1.61693,-1.63213,-1.63233,0.93203,0.810397,0.205325,-0.172569,-0.140881,-0.140731,0.140886,2,-1.6,-1.7,-1.7,-1.7,1,0.485167,0.133121,-0.112236,-0.0917019,-0.0914223,0.0918335,-0.311321,-0.0854209,0.072019,0.058843,0.0586636,-0.0589274,
1.772e+09,1772003449644667657,1,1.359,1.63365,0,1,1.77726,-1.66422,-1.64577,-1.65564,-1.65584,0.955577,0.485219,0.133133,-0.112236,-0.0916907,-0.0914785,0.0918442,2,-1.6,-1.7,-1.7,-1.7,1,0.300945,0.0867695,-0.0732746,-0.0599287,-0.059662,0.0600191,-0.193109,-0.0556779,0.0470186,0.0384549,0.0382837,-0.0385128,
1.772e+09,1772003449894807084,1,1.436,0.675848,0,1,1.8574,-1.642,-1.66448,-1.67095,-1.67111,0.970902,0.300965,0.0867371,-0.0732155,-0.0599287,-0.0596603,0.0599963,2,-1.6,-1.7,-1.7,-1.7,1,0.192667,0.0567493,-0.0479851,-0.0392495,-0.0390302,0.0393142,-0.12363,-0.0364147,0.0307909,0.0251855,0.0250448,-0.025227,
1.772e+09,1772003450144739239,1,1.363,0.2849,0,1,1.90767,-1.62752,-1.67671,-1.68095,-1.68105,0.980907,0.192687,0.0567415,-0.047962,-0.0392495,-0.0390276,0.0392889,2,-1.6,-1.7,-1.7,-1.7,1,0.124752,0.037183,-0.0314624,-0.0257449,-0.0256041,0.0257962,-0.0800503,-0.0238595,0.0201887,0.0165199,0.0164295,-0.0165529,
1.772e+09,1772003450394732648,1,1.345,0.121467,0,1,1.9398,-1.61806,-1.68472,-1.68749,-1.68756,0.987469,0.124778,0.0371881,-0.0314624,-0.0257325,-0.0255502,0.0257886,2,-1.6,-1.7,-1.7,-1.7,1,0.081341,0.0243997,-0.0206493,-0.0168964,-0.0168026,0.0169305,-0.0521946,-0.0156567,0.0132502,0.010842,0.0107818,-0.0108639,
1.772e+09,1772003450644736091,1,1.338,140.76,0,0,1.96062,-1.61185,-1.68997,-1.69179,-1.69184,0.991776,0.0813522,0.0244019,-0.0206493,-0.0168916,-0.0167371,0.0169198,0,-2.3,-1.1,-1.2,-1.2,0.5,-2.64898,-0.929752,0.797104,0.664458,0.664519,-0.664435,1.69979,0.5966,-0.511483,-0.426367,-0.426407,0.426353,
1.772e+09,1772003450894662964,1,1.308,117.289,0,0,1.8634,-1.72326,-1.58054,-1.58891,-1.59185,0.889433,-0.876753,-0.929713,0.797104,0.665159,0.664593,-0.664434,0,-2.3,-1.1,-1.2,-1.2,0.5,-2.51763,-0.779233,0.649254,0.525454,0.529423,-0.526161,1.61551,0.500016,-0.416611,-0.337172,-0.339719,0.337625,
1.772e+09,1772003451144551856,1,1.268,71.3374,0,0,1.51485,-1.92178,-1.41462,-1.45433,-1.45675,0.754741,-1.8925,-0.77924,0.649254,0.525317,0.528594,-0.526028,0,-2.3,-1.1,-1.2,-1.2,0.5,-2.0467,-0.511007,0.425083,0.343628,0.346888,-0.34418,1.31332,0.327901,-0.272766,-0.220498,-0.22259,0.220852,
1.772e+09,1772003451394573484,1,1.152,31.0871,0,0,1.00648,-2.06066,-1.30025,-1.36303,-1.36457,0.663126,-2.0467,-0.511046,0.425083,0.343235,0.346584,-0.344078,0,-2.3,-1.1,-1.2,-1.2,0.5,-1.35985,-0.323371,0.270556,0.220273,0.222356,-0.220399,0.872586,0.207499,-0.173609,-0.141344,-0.142681,0.141425,
1.772e+09,1772003451644491085,1,1.146,11.4374,0,0,0.6038,-2.14699,-1.22872,-1.30544,-1.30622,0.605386,-1.35985,-0.323391,0.270556,0.220051,0.221976,-0.220305,0,-2.3,-1.1,-1.2,-1.2,0.5,-0.81579,-0.206731,0.173916,0.142457,0.143517,-0.142386,0.523474,0.132654,-0.111598,-0.0914114,-0.0920913,0.0913657,
1.772e+09,1772003451894473870,1,1.134,4.21362,0,0,0.361051,-2.20089,-1.18362,-1.26872,-1.26913,0.568641,-0.815784,-0.206728,0.173916,0.142324,0.143013,-0.142286,0,-2.3,-1.1,-1.2,-1.2,0.5,-0.487813,-0.133904,0.112982,0.0928436,0.0934017,-0.0927401,0.313019,0.0859233,-0.072498,-0.0595756,-0.0599337,0.0595092,
1.772e+09,1772003452144493497,1,1.152,1.65313,0,0,0.223814,-2.23541,-1.15459,-1.24493,-1.24517,0.544868,-0.487811,-0.133898,0.112982,0.0928176,0.0931844,-0.092703,0,-2.3,-1.1,-1.2,-1.2,0.5,-0.302393,-0.0872696,0.073752,0.0607065,0.0610227,-0.0606213,0.194039,0.0559989,-0.0473249,-0.038954,-0.0391569,0.0388993,
1.772e+09,1772003452394373271,1,1.014,0.676861,0,0,0.142405,-2.25788,-1.13565,-1.2294,-1.22957,0.529348,-0.302385,-0.0872543,0.073752,0.060624,0.0606893,-0.060548,0,-2.3,-1.1,-1.2,-1.2,0.5,-0.192403,-0.0569133,0.0481679,0.0397193,0.0399475,-0.0396522,0.12346,0.0365199,-0.0309082,-0.0254869,-0.0256334,0.0254439,
1.772e+09,1772003452643826937,1,0.606,0.285131,0,0,0.0921561,-2.2724,-1.12337,-1.2193,-1.21942,0.519259,-0.1924,-0.0569054,0.0481679,0.0396878,0.0397804,-0.0396182,0,-2.3,-1.1,-1.2,-1.2,0.5,-0.124512,-0.0372859,0.0315739,0.0260704,0.0262368,-0.0260211,0.0798962,0.0239255,-0.0202602,-0.0167288,-0.0168355,0.0166971,
1.772e+09,1772003452894756635,1,1.343,0.121635,0,0,0.0600944,-2.28189,-1.11534,-1.21268,-1.21278,0.512651,-0.1245,-0.0372689,0.0315739,0.0259401,0.0259913,-0.0259337,0,-2.3,-1.1,-1.2,-1.2,0.5,-0.0811931,-0.0244705,0.0207222,0.0171356,0.017262,-0.0170932,0.0520998,0.0157021,-0.013297,-0.0109955,-0.0110766,0.0109683,
1.772e+09,1772003453144597696,1,1.31,140.752,0,1,0.0393148,-2.28811,-1.11007,-1.20834,-1.20843,0.508315,-0.0811885,-0.024461,0.0207222,0.0170986,0.0170319,-0.0170411,2,-1.6,-1.7,-1.7,-1.7,1,2.64907,0.929703,-0.797056,-0.664286,-0.664157,0.664313,-1.69985,-0.596569,0.511452,0.426257,0.426174,-0.426274,
1.772e+09,1772003453395256947,1,1.832,117.208,0,1,0.136541,-2.17703,-1.21949,-1.31208,-1.31106,0.611293,0.876869,0.929632,-0.797056,-0.664789,-0.6641,0.664398,2,-1.6,-1.7,-1.7,-1.7,1,2.51771,0.779625,-0.649219,-0.52412,-0.525488,0.52518,-1.61556,-0.500268,0.416589,0.336316,0.337194,-0.336996,
1.772e+09,1772003453645149938,1,1.8,71.2931,0,1,0.48518,-1.97841,-1.3854,-1.44621,-1.44562,0.745795,1.89305,0.779655,-0.649219,-0.523746,-0.525075,0.525085,2,-1.6,-1.7,-1.7,-1.7,1,2.04666,0.511264,-0.42506,-0.342897,-0.343698,0.343455,-1.3133,-0.328066,0.272751,0.220029,0.220543,-0.220387,
1.772e+09,1772003453895011627,1,1.651,31.0616,0,1,0.993561,-1.83946,-1.49976,-1.53745,-1.53741,0.837297,2.04666,0.51123,-0.42506,-0.343474,-0.344452,0.343585,2,-1.6,-1.7,-1.7,-1.7,1,1.35979,0.323538,-0.270542,-0.219626,-0.21967,0.219827,-0.872548,-0.207607,0.173601,0.140929,0.140957,-0.141058,
1.772e+09,1772003454144471351,1,1.169,11.4248,0,1,1.39624,-1.7531,-1.57128,-1.59503,-1.5952,0.894925,1.35983,0.32353,-0.270542,-0.220006,-0.220217,0.219907,2,-1.6,-1.7,-1.7,-1.7,1,0.815738,0.206859,-0.173907,-0.141819,-0.141599,0.141966,-0.52344,-0.132736,0.111592,0.0910017,0.090861,-0.0910965,
1.772e+09,1772003454395302789,1,1.911,4.15489,0,1,1.64145,-1.69877,-1.6167,-1.63193,-1.63215,0.931832,0.815872,0.206884,-0.173907,-0.141987,-0.141826,0.141996,2,-1.6,-1.7,-1.7,-1.7,1,0.484435,0.133446,-0.11254,-0.0919709,-0.0916743,0.0921017,-0.310851,-0.0856291,0.0722146,0.0590156,0.0588253,-0.0590996,
1.772e+09,1772003454644395452,1,1.037,1.62481,0,1,1.77816,-1.66436,-1.64564,-1.65553,-1.65574,0.955461,0.484487,0.133457,-0.11254,-0.0919581,-0.0917345,0.0921132,2,-1.6,-1.7,-1.7,-1.7,1,0.299732,0.0869497,-0.0734473,-0.060087,-0.0597982,0.0601759,-0.192331,-0.0557936,0.0471295,0.0385564,0.0383711,-0.0386135,
1.772e+09,1772003454894921758,1,1.54,0.664978,0,1,1.85887,-1.64197,-1.66449,-1.67093,-1.6711,0.97088,0.299752,0.0869178,-0.0733884,-0.060087,-0.0597964,0.0601524,2,-1.6,-1.7,-1.7,-1.7,1,0.19068,0.056711,-0.0479838,-0.0392805,-0.0390465,0.0393442,-0.122355,-0.0363901,0.0307901,0.0252054,0.0250552,-0.0252463,
1.772e+09,1772003455144463719,1,1.084,0.280101,0,1,1.90867,-1.6275,-1.67672,-1.68093,-1.68104,0.980893,0.190746,0.0567234,-0.0479838,-0.0392781,-0.0388054,0.0393047,2,-1.6,-1.7,-1.7,-1.7,1,0.123399,0.037153,-0.0314579,-0.0257623,-0.0256178,0.0258153,-0.0791824,-0.0238402,0.0201858,0.0165311,0.0164383,-0.0165651,
1.772e+09,1772003455395003864,1,1.611,0.11881,0,1,1.94065,-1.61804,-1.68472,-1.68748,-1.68756,0.98746,0.123425,0.037158,-0.0314579,-0.0257493,-0.0255658,0.025808,2,-1.6,-1.7,-1.7,-1.7,1,0.0801915,0.0243776,-0.0206463,-0.0169097,-0.0168114,0.0169428,-0.051457,-0.0156425,0.0132482,0.0108505,0.0107875,-0.0108718,
1.772e+09,1772003455644772575,1,1.316,140.817,0,0,1.96118,-1.61184,-1.68997,-1.69179,-1.69183,0.99177,0.0802024,0.0243797,-0.0206463,-0.0169045,-0.0167475,0.0169324,0,-2.3,-1.1,-1.2,-1.2,0.5,-2.64974,-0.929767,0.797106,0.664449,0.664514,-0.664427,1.70027,0.59661,-0.511484,-0.426361,-0.426403,0.426347,
1.772e+09,1772003455895535925,1,2.137,117.315,0,0,1.86368,-1.72325,-1.58054,-1.58891,-1.59185,0.88943,-0.877902,-0.929728,0.797106,0.66515,0.664588,-0.664426,0,-2.3,-1.1,-1.2,-1.2,0.5,-2.518,-0.77924,0.649255,0.525449,0.529422,-0.526157,1.61574,0.50002,-0.416612,-0.337169,-0.339718,0.337623,
1.772e+09,1772003456144762508,1,1.391,71.3361,0,0,1.51483,-1.92178,-1.41462,-1.45433,-1.45675,0.75474,-1.89366,-0.779247,0.649255,0.525312,0.528593,-0.526024,0,-2.3,-1.1,-1.2,-1.2,0.5,-2.04668,-0.511011,0.425083,0.343625,0.346888,-0.344177,1.3133,0.327904,-0.272766,-0.220496,-0.22259,0.220851,
1.772e+09,1772003456394518786,1,1.135,31.0838,0,0,1.00642,-2.06066,-1.30025,-1.36303,-1.36457,0.663125,-2.04668,-0.511051,0.425083,0.343232,0.346583,-0.344076,0,-2.3,-1.1,-1.2,-1.2,0.5,-1.35977,-0.323373,0.270556,0.220271,0.222356,-0.220397,0.872532,0.207501,-0.17361,-0.141343,-0.142681,0.141424,
1.772e+09,1772003456644598144,1,1.201,11.4357,0,0,0.603747,-2.14699,-1.22872,-1.30544,-1.30622,0.605385,-1.35977,-0.323394,0.270556,0.22005,0.221976,-0.220304,0,-2.3,-1.1,-1.2,-1.2,0.5,-0.81572,-0.206732,0.173916,0.142456,0.143517,-0.142385,0.523428,0.132655,-0.111598,-0.0914108,-0.0920912,0.0913651,
1.772e+09,1772003456894533754,1,1.163,4.16072,0,0,0.358561,-2.2013,-1.1833,-1.26847,-1.26889,0.568396,-0.815714,-0.206729,0.173916,0.142323,0.143013,-0.142285,0,-2.3,-1.1,-1.2,-1.2,0.5,-0.48445,-0.133357,0.112546,0.0925127,0.0930738,-0.0924091,0.31086,0.0855723,-0.0722182,-0.0593632,-0.0597233,0.0592968,
1.772e+09,1772003457144301078,1,1.005,1.62783,0,0,0.221877,-2.23569,-1.15436,-1.24476,-1.245,0.5447,-0.484447,-0.133351,0.112546,0.0924874,0.0928585,-0.0923724,0,-2.3,-1.1,-1.2,-1.2,0.5,-0.299776,-0.0868919,0.073451,0.0604793,0.060794,-0.060394,0.19236,0.0557565,-0.0471318,-0.0388082,-0.0390101,0.0387534,
1.772e+09,1772003457395026197,1,1.63,0.672829,0,0,0.141932,-2.25794,-1.13559,-1.22934,-1.22951,0.529292,-0.299769,-0.0868768,0.073451,0.0603985,0.0604639,-0.0603216,0,-2.3,-1.1,-1.2,-1.2,0.5,-0.191764,-0.0568215,0.0480845,0.0396435,0.0398724,-0.0395767,0.12305,0.036461,-0.0308547,-0.0254383,-0.0255852,0.0253955,
1.772e+09,1772003457644589821,1,1.204,0.283731,0,0,0.0919088,-2.27244,-1.12333,-1.21926,-1.21938,0.519224,-0.19176,-0.0568136,0.0480845,0.0396124,0.039706,-0.0395429,0,-2.3,-1.1,-1.2,-1.2,0.5,-0.124177,-0.03723,0.0315224,0.0260227,0.0261901,-0.0259737,0.0796818,0.0238896,-0.0202272,-0.0166981,-0.0168056,0.0166667,
1.772e+09,1772003457894372236,1,1.012,0.120418,0,0,0.0597352,-2.28192,-1.11531,-1.21266,-1.21275,0.512628,-0.124176,-0.0372239,0.0315224,0.0260159,0.0260642,-0.0259534,0,-2.3,-1.1,-1.2,-1.2,0.5,-0.0807079,-0.0244315,0.0206885,0.0171045,0.0172303,-0.0170619,0.0517884,0.0156771,-0.0132753,-0.0109756,-0.0110563,0.0109482,
1.772e+09,1772003458144623942,1,1.318,140.779,0,1,0.0390744,-2.28813,-1.11005,-1.20832,-1.20841,0.508299,-0.0807033,-0.024422,0.0206885,0.0170682,0.0170016,-0.0170103,2,-1.6,-1.7,-1.7,-1.7,1,2.64939,0.929729,-0.797078,-0.664306,-0.664179,0.664334,-1.70006,-0.596585,0.511466,0.42627,0.426188,-0.426288,
1.772e+09,1772003458394777742,1,1.406,117.221,0,1,0.136421,-2.17704,-1.21948,-1.31207,-1.31106,0.611285,0.877354,0.929658,-0.797078,-0.66481,-0.664122,0.664419,2,-1.6,-1.7,-1.7,-1.7,1,2.51787,0.779638,-0.64923,-0.524132,-0.5255,0.525191,-1.61566,-0.500276,0.416596,0.336323,0.337201,-0.337003,
1.772e+09,1772003458644606672,1,1.3,71.2933,0,1,0.485182,-1.97841,-1.38539,-1.4462,-1.44561,0.74579,1.89353,0.779668,-0.64923,-0.523758,-0.525087,0.525096,2,-1.6,-1.7,-1.7,-1.7,1,2.04666,0.511271,-0.425067,-0.342904,-0.343705,0.343462,-1.3133,-0.328071,0.272756,0.220034,0.220548,-0.220392,
1.772e+09,1772003458894589226,1,1.24,31.0606,0,1,0.993582,-1.83947,-1.49976,-1.53744,-1.53741,0.837294,2.04666,0.511238,-0.425067,-0.343481,-0.344459,0.343592,2,-1.6,-1.7,-1.7,-1.7,1,1.35976,0.323543,-0.270546,-0.21963,-0.219674,0.219832,-0.872529,-0.20761,0.173603,0.140932,0.14096,-0.141061,
1.772e+09,1772003459144435038,1,1.126,11.4242,0,1,1.39626,-1.75311,-1.57128,-1.59503,-1.59519,0.894923,1.3598,0.323534,-0.270546,-0.22001,-0.220222,0.219911,2,-1.6,-1.7,-1.7,-1.7,1,0.815713,0.206862,-0.17391,-0.141821,-0.141602,0.141969,-0.523424,-0.132738,0.111594,0.0910034,0.0908628,-0.0910982,
1.772e+09,1772003459394559169,1,1.189,4.1547,0,1,1.64146,-1.69877,-1.6167,-1.63193,-1.63215,0.93183,0.815847,0.206886,-0.17391,-0.141989,-0.141829,0.141998,2,-1.6,-1.7,-1.7,-1.7,1,0.484419,0.133448,-0.112542,-0.0919727,-0.0916761,0.0921034,-0.31084,-0.0856302,0.0722157,0.0590167,0.0588264,-0.0591006,
1.772e+09,1772003459644353887,1,1.054,1.62472,0,1,1.77817,-1.66436,-1.64564,-1.65553,-1.65574,0.955461,0.484471,0.133459,-0.112542,-0.0919598,-0.0917363,0.0921149,2,-1.6,-1.7,-1.7,-1.7,1,0.299719,0.0869509,-0.0734484,-0.0600881,-0.0597992,0.060177,-0.192323,-0.0557944,0.0471301,0.0385571,0.0383718,-0.0386142,
1.772e+09,1772003459894339254,1,1.013,0.664938,0,1,1.85888,-1.64197,-1.66448,-1.67093,-1.6711,0.970879,0.29974,0.0869189,-0.0733894,-0.0600881,-0.0597974,0.0601535,2,-1.6,-1.7,-1.7,-1.7,1,0.190672,0.0567117,-0.0479845,-0.0392812,-0.0390471,0.0393449,-0.12235,-0.0363906,0.0307905,0.0252058,0.0250556,-0.0252467,
1.772e+09,1772003460144304548,1,0.984,0.280084,0,1,1.90867,-1.6275,-1.67672,-1.68093,-1.68104,0.980893,0.190737,0.0567241,-0.0479845,-0.0392788,-0.0388061,0.0393054,2,-1.6,-1.7,-1.7,-1.7,1,0.123394,0.0371535,-0.0314583,-0.0257627,-0.0256182,0.0258158,-0.0791791,-0.0238405,0.0201861,0.0165314,0.0164386,-0.0165654,
1.772e+09,1772003460394727770,1,1.374,0.118804,0,1,1.94065,-1.61804,-1.68472,-1.68748,-1.68756,0.98746,0.123419,0.0371585,-0.0314583,-0.0257497,-0.0255662,0.0258085,2,-1.6,-1.7,-1.7,-1.7,1,0.0801881,0.0243779,-0.0206466,-0.01691,-0.0168116,0.0169431,-0.0514548,-0.0156427,0.0132484,0.0108507,0.0107876,-0.010872,
1.772e+09,1772003460645503680,1,2.047,140.818,0,0,1.96118,-1.61184,-1.68997,-1.69179,-1.69183,0.991769,0.080199,0.02438,-0.0206466,-0.0169049,-0.0167478,0.0169327,0,-2.3,-1.1,-1.2,-1.2,0.5,-2.64974,-0.929767,0.797105,0.664449,0.664513,-0.664427,1.70028,0.59661,-0.511484,-0.426361,-0.426403,0.426347,
1.772e+09,1772003460894703056,1,1.358,117.317,0,0,1.86367,-1.72326,-1.58054,-1.58895,-1.59188,0.889431,-0.877925,-0.929728,0.797105,0.665149,0.664587,-0.664426,0,-2.3,-1.1,-1.2,-1.2,0.5,-2.518,-0.779234,0.649255,0.525506,0.529462,-0.526159,1.61574,0.500017,-0.416612,-0.337205,-0.339743,0.337624,
1.772e+09,1772003461144605325,1,1.293,71.3299,0,0,1.51474,-1.92178,-1.41462,-1.45436,-1.45677,0.75474,-1.89367,-0.779242,0.649255,0.525368,0.528632,-0.526025,0,-2.3,-1.1,-1.2,-1.2,0.5,-2.04656,-0.511007,0.425083,0.343666,0.346916,-0.344178,1.31323,0.327901,-0.272766,-0.220522,-0.222608,0.220851,
1.772e+09,1772003461393998534,1,0.736,31.0809,0,0,1.00636,-2.06066,-1.30025,-1.36305,-1.36459,0.663125,-2.04656,-0.511047,0.425083,0.343273,0.346612,-0.344077,0,-2.3,-1.1,-1.2,-1.2,0.5,-1.35969,-0.323371,0.270556,0.220297,0.222374,-0.220398,0.872478,0.207499,-0.17361,-0.141359,-0.142692,0.141424,
1.772e+09,1772003461644506866,1,1.149,11.6479,0,0,0.609378,-2.14564,-1.22985,-1.30637,-1.30716,0.606303,-1.35969,-0.323391,0.270556,0.220073,0.221993,-0.220304,0,-2.3,-1.1,-1.2,-1.2,0.5,-0.823327,-0.208551,0.17544,0.143711,0.144778,-0.143626,0.52831,0.133823,-0.112575,-0.0922161,-0.0929005,0.0921612,
1.772e+09,1772003461894495291,1,1.144,4.13909,0,0,0.357745,-2.20168,-1.18297,-1.2682,-1.26862,0.568121,-0.823321,-0.208548,0.17544,0.143576,0.144266,-0.143524,0,-2.3,-1.1,-1.2,-1.2,0.5,-0.483347,-0.132834,0.112096,0.0921445,0.0927094,-0.0920377,0.310152,0.0852366,-0.0719295,-0.059127,-0.0594895,0.0590584,
1.772e+09,1772003462144294185,1,0.993,1.60957,0,0,0.220574,-2.23599,-1.1541,-1.24456,-1.24479,0.544491,-0.483344,-0.132828,0.112096,0.0921192,0.0924952,-0.0920012,0,-2.3,-1.1,-1.2,-1.2,0.5,-0.298016,-0.0864795,0.0730975,0.0601996,0.0605172,-0.060112,0.19123,0.0554919,-0.046905,-0.0386287,-0.0388325,0.0385725,
1.772e+09,1772003462394395246,1,1.029,0.658513,0,0,0.140265,-2.25826,-1.13534,-1.22915,-1.22932,0.529101,-0.298009,-0.0864644,0.0730975,0.06012,0.0601899,-0.0600404,0,-2.3,-1.1,-1.2,-1.2,0.5,-0.189511,-0.0563979,0.047741,0.0393871,0.0396153,-0.0393188,0.121605,0.0361892,-0.0306343,-0.0252738,-0.0254202,0.02523,
1.772e+09,1772003462644267439,1,0.986,0.277503,0,0,0.0907881,-2.27265,-1.12316,-1.21913,-1.21926,0.519098,-0.189508,-0.0563901,0.047741,0.0393569,0.0394513,-0.0392857,0,-2.3,-1.1,-1.2,-1.2,0.5,-0.122663,-0.0369492,0.031295,0.025853,0.0260193,-0.0258031,0.0787102,0.0237094,-0.0200813,-0.0165893,-0.016696,0.0165572,
1.772e+09,1772003462894402726,1,1.042,0.117795,0,0,0.0590115,-2.28205,-1.1152,-1.21258,-1.21267,0.512545,-0.122662,-0.0369432,0.031295,0.0258466,0.0258953,-0.0257832,0,-2.3,-1.1,-1.2,-1.2,0.5,-0.0797301,-0.0242488,0.0205392,0.0169922,0.0171178,-0.0169495,0.051161,0.0155599,-0.0131795,-0.0109035,-0.0109841,0.0108761,
1.772e+09,1772003463144587176,1,1.296,140.837,0,1,0.038604,-2.28822,-1.10998,-1.20827,-1.20836,0.508245,-0.0797257,-0.0242395,0.0205392,0.0169571,0.0168922,-0.016899,2,-1.6,-1.7,-1.7,-1.7,1,2.65003,0.929849,-0.797176,-0.664379,-0.664253,0.664407,-1.70046,-0.596662,0.511529,0.426317,0.426236,-0.426335,
1.772e+09,1772003463394640747,1,1.295,117.247,0,1,0.136195,-2.17709,-1.21944,-1.31204,-1.31103,0.611255,0.878332,0.929778,-0.797176,-0.664881,-0.664197,0.664492,2,-1.6,-1.7,-1.7,-1.7,1,2.51818,0.779697,-0.64928,-0.524171,-0.525541,0.52523,-1.61585,-0.500313,0.416628,0.336349,0.337227,-0.337028,
1.772e+09,1772003463644604194,1,1.298,71.2934,0,1,0.485201,-1.97844,-1.38537,-1.44618,-1.44559,0.745772,1.89452,0.779727,-0.64928,-0.523798,-0.525128,0.525136,2,-1.6,-1.7,-1.7,-1.7,1,2.04664,0.511307,-0.425098,-0.342928,-0.34373,0.343486,-1.31328,-0.328094,0.272775,0.220049,0.220564,-0.220407,
1.772e+09,1772003463895023113,1,1.633,31.0586,0,1,0.993633,-1.83948,-1.49974,-1.53743,-1.5374,0.837283,2.04664,0.511274,-0.425098,-0.343505,-0.344484,0.343616,2,-1.6,-1.7,-1.7,-1.7,1,1.3597,0.323564,-0.270565,-0.219645,-0.21969,0.219847,-0.872486,-0.207623,0.173615,0.140941,0.14097,-0.14107,
1.772e+09,1772003464144514439,1,1.185,11.6362,0,1,1.39063,-1.75446,-1.57015,-1.59411,-1.59427,0.894,1.35973,0.323555,-0.270565,-0.220029,-0.220239,0.219927,2,-1.6,-1.7,-1.7,-1.7,1,0.823312,0.208696,-0.175445,-0.143069,-0.142852,0.143217,-0.5283,-0.133915,0.112579,0.0918042,0.0916645,-0.0918987,
1.772e+09,1772003464394417501,1,1.118,4.13301,0,1,1.64229,-1.69839,-1.61703,-1.6322,-1.63241,0.932099,0.823449,0.208721,-0.175445,-0.143239,-0.143084,0.143247,2,-1.6,-1.7,-1.7,-1.7,1,0.483305,0.132933,-0.1121,-0.0915978,-0.0913142,0.0917405,-0.310126,-0.0853,0.0719317,0.0587762,0.0585942,-0.0588678,
1.772e+09,1772003464644301824,1,1.01,1.60645,0,1,1.77947,-1.66405,-1.6459,-1.65574,-1.65594,0.955665,0.483357,0.132944,-0.1121,-0.0915853,-0.0913717,0.0917515,2,-1.6,-1.7,-1.7,-1.7,1,0.297954,0.086544,-0.0730997,-0.0598014,-0.0595246,0.0599007,-0.19119,-0.0555333,0.0469064,0.0383732,0.0381955,-0.0384369,
1.772e+09,1772003464894362218,1,1.031,0.656965,0,1,1.85978,-1.64178,-1.66465,-1.67107,-1.67123,0.971013,0.297974,0.0865125,-0.0730412,-0.0598014,-0.0595227,0.0598775,2,-1.6,-1.7,-1.7,-1.7,1,0.189455,0.0564454,-0.0477562,-0.0390933,-0.0388667,0.0391639,-0.121569,-0.0362197,0.0306441,0.0250853,0.0249399,-0.0251305,
1.772e+09,1772003465144316153,1,1.021,0.276731,0,1,1.90925,-1.62737,-1.67683,-1.68102,-1.68114,0.980984,0.189515,0.0564574,-0.0477562,-0.0390659,-0.0388945,0.0391722,2,-1.6,-1.7,-1.7,-1.7,1,0.122611,0.0369783,-0.0313078,-0.0256432,-0.0254826,0.0256926,-0.0786767,-0.0237281,0.0200895,0.0164546,0.0163516,-0.0164863,
1.772e+09,1772003465394308306,1,1.011,0.117394,0,1,1.94102,-1.61796,-1.68479,-1.68754,-1.68762,0.98752,0.122636,0.0369833,-0.0313078,-0.0256302,-0.0254306,0.0256853,2,-1.6,-1.7,-1.7,-1.7,1,0.0796843,0.0242639,-0.0205477,-0.016832,-0.0167211,0.0168617,-0.0511316,-0.0155696,0.013185,0.0108007,0.0107295,-0.0108198,
1.772e+09,1772003465644808078,1,1.414,140.849,0,0,1.96142,-1.61179,-1.69002,-1.69182,-1.69188,0.991809,0.0796951,0.0242659,-0.0205477,-0.0168269,-0.0166575,0.0168514,0,-2.3,-1.1,-1.2,-1.2,0.5,-2.65007,-0.929841,0.79717,0.6645,0.664572,-0.66448,1.70049,0.596658,-0.511526,-0.426394,-0.426441,0.426381,
1.772e+09,1772003465894629934,1,1.295,117.33,0,0,1.86379,-1.72323,-1.58056,-1.58893,-1.59187,0.889452,-0.878408,-0.929803,0.79717,0.6652,0.664646,-0.664479,0,-2.3,-1.1,-1.2,-1.2,0.5,-2.51816,-0.779277,0.649288,0.525478,0.529454,-0.526186,1.61584,0.500044,-0.416633,-0.337187,-0.339738,0.337641,
