1.77201e+09,1772005436075326391,1,56.579,1.95,0,0,0,-1.5708,0,-1.5708,0,0,0,0,0,0,0,0,0,-2.3,-1.1,-1.2,-1.2,0.5,-3.64605e-06,-1.37426,-2.07278,0.699031,-2.19987,0.942231,7.29211e-06,1.29011,1.94557,-0.656463,1.99975,-0.884461,
1.77201e+09,1772005436323874762,1,55.194,1.76342,0,0,-0.000101036,-1.64184,-0.0536597,-1.50049,-0.082992,0.095261,-0.000461418,-0.751328,-0.573534,0.699031,-0.87526,0.949321,0,-2.3,-1.1,-1.2,-1.2,0.5,0.000190405,-1.24037,-1.97194,0.566306,-2.10513,0.762777,-0.000178738,1.16443,1.85121,-0.531634,1.97624,-0.716077,
1.77201e+09,1772005436575830187,1,57.174,1.13538,0,0,-9.76157e-05,-1.92325,-0.308394,-1.34873,-0.443544,0.302884,0.000205154,-1.2403,-1.47935,0.56673,-1.95238,0.762592,0,-2.3,-1.1,-1.2,-1.2,0.5,0.000183787,-0.710036,-1.49187,0.280305,-1.42563,0.371487,-0.000172343,0.666564,1.40053,-0.263143,1.33834,-0.348743,
1.77201e+09,1772005436809777802,1,41.073,0.474192,0,0,-5.12069e-05,-2.16887,-0.697466,-1.25054,-0.896999,0.438879,0.000191949,-0.709938,-1.49187,0.280677,-1.42577,0.371397,0,-2.3,-1.1,-1.2,-1.2,0.5,-8.50754e-05,-0.247064,-0.760062,0.0951175,-0.571234,0.114905,0.000272564,0.231863,0.715056,-0.0891477,0.536466,-0.107567,
1.77201e+09,1772005437082570938,1,63.876,0.0954607,0,0,-5.95958e-05,-2.27864,-0.987626,-1.21401,-1.16928,0.487601,-7.78261e-05,-0.247006,-0.760062,0.0952929,-0.618548,0.114894,0,-2.3,-1.1,-1.2,-1.2,0.5,0.000112266,-0.040246,-0.211783,0.0264089,-0.0578929,0.023368,-0.00010534,0.0377812,0.198818,-0.0247899,0.0543484,-0.0219375,
1.77201e+09,1772005437334280550,1,65.647,0.0383969,0,0,-4.57852e-05,-2.30798,-1.11482,-1.20221,-1.25108,0.500662,0.000117174,-0.0402524,-0.211734,0.0264089,-0.0578768,0.0233365,0,-2.3,-1.1,-1.2,-1.2,0.5,8.38958e-05,0.0150437,0.027922,0.00415609,0.0962684,-0.00124701,-7.62213e-05,-0.0141209,-0.0262123,-0.00390144,-0.0903732,0.00117067,
1.77201e+09,1772005437584334513,1,65.666,2.36721,0,1,-2.28102e-05,-2.30844,-1.13168,-1.19961,-1.24067,0.50212,8.48793e-05,0.0150399,0.027922,0.00411259,0.0962709,-0.00123476,2,-1.6,-1.7,-1.7,-1.7,1,3.00001,1.33513,-1.07106,-0.943044,-0.865668,0.938312,-2,-1.25339,1.00548,0.885306,0.812668,-0.880864,
1.77201e+09,1772005437826788403,1,58.161,2.18982,0,1,0.0637091,-2.24115,-1.18843,-1.2634,-1.28022,0.565756,0.709043,0.721983,-0.681245,-0.717454,-0.612044,0.710409,2,-1.6,-1.7,-1.7,-1.7,1,2.93629,1.20832,-0.964109,-0.822825,-0.791128,0.818383,-2,-1.13434,0.905082,0.772449,0.742692,-0.768278,
1.77201e+09,1772005438093171017,1,74.508,1.47896,0,1,0.368578,-1.96764,-1.42003,-1.4723,-1.47548,0.77333,1.70585,1.20838,-0.964109,-0.822116,-0.791202,0.81834,2,-1.6,-1.7,-1.7,-1.7,1,2.63142,0.692854,-0.527643,-0.429132,-0.423136,0.427185,-2,-0.650437,0.495335,0.402858,0.39723,-0.401031,
1.77201e+09,1772005438326864925,1,58.222,0.752607,0,1,0.923908,-1.72175,-1.60911,-1.62813,-1.62623,0.929155,2.63145,0.692874,-0.527643,-0.428833,-0.424423,0.427404,2,-1.6,-1.7,-1.7,-1.7,1,2.00869,0.22943,-0.171316,-0.135483,-0.138834,0.13351,-1.86519,-0.215356,0.160861,0.127226,0.130127,-0.125331,
1.77201e+09,1772005438580802967,1,62.065,0.269513,0,1,1.51168,-1.60987,-1.6891,-1.69022,-1.68881,0.991041,2.0087,0.22941,-0.171316,-0.136042,-0.138219,0.133353,2,-1.6,-1.7,-1.7,-1.7,1,0.920288,0.0186056,-0.020541,-0.0184407,-0.0210964,0.0168847,-0.863944,-0.0174663,0.0192833,0.0173117,0.0198052,-0.015851,
1.77201e+09,1772005438838059732,1,69.425,0.0440865,0,1,1.94668,-1.58551,-1.70723,-1.70454,-1.70382,1.00477,1.28011,0.0185819,-0.020541,-0.0189245,-0.0219604,0.0169849,2,-1.6,-1.7,-1.7,-1.7,1,0.100492,-0.0273155,0.0136193,0.0085543,0.0071965,-0.00899372,-0.0943394,0.0256429,-0.0127858,-0.00803057,-0.00675569,0.00844212,
1.77201e+09,1772005439061193224,1,42.503,0.085215,0,1,2.13905,-1.58864,-1.70651,-1.70458,-1.70438,1.00454,0.283205,-0.0273222,0.0136193,0.00832014,0.00755862,-0.00908092,2,-1.6,-1.7,-1.7,-1.7,1,-0.262281,-0.0208852,0.012168,0.00837246,0.00697344,-0.0107795,0.246455,0.0190519,-0.0113189,-0.00757616,-0.00517803,0.0124785,
1.77201e+09,1772005439313580009,1,44.939,0.0635967,0,1,2.11076,-1.59419,-1.70339,-1.70253,-1.70274,1.00195,-0.262272,-0.0209159,0.0121882,0.00837246,0.00696589,-0.0107749,2,-1.6,-1.7,-1.7,-1.7,1,-0.208652,-0.011133,0.00502397,0.00458199,0.00460149,-0.00374522,0.195777,0.0106448,-0.0032634,-0.00409801,-0.0037146,0.00359102,
1.77201e+09,1772005439564737855,1,46.082,0.0314987,0,1,2.05549,-1.5975,-1.70175,-1.70119,-1.70144,1.00063,-0.208643,-0.0111487,0.00503496,0.00458199,0.00459777,-0.00374799,2,-1.6,-1.7,-1.7,-1.7,1,-0.104586,-0.00470899,0.00329288,0.00224143,0.00272127,-0.00118189,0.0981832,0.00442367,-0.00309126,-0.00210424,-0.00255967,0.00110873,
1.77201e+09,1772005439831171701,1,62.46,2.43034,0,0,2.02299,-1.599,-1.70084,-1.70051,-1.70066,1.0002,-0.104566,-0.00470684,0.00329288,0.00221605,0.00262913,-0.00116754,0,-2.3,-1.1,-1.2,-1.2,0.5,-3.01149,-1.32111,1.13234,0.943275,0.943542,-0.942695,2,1.24021,-1.06301,-0.885522,-0.885773,0.884987,
1.77201e+09,1772005440076348680,1,57.665,2.19338,0,0,1.92783,-1.66919,-1.63101,-1.63113,-1.63449,0.931483,-0.832907,-0.732816,0.731626,0.736546,0.69563,-0.723143,0,-2.3,-1.1,-1.2,-1.2,0.5,-2.92783,-1.18822,1.00114,0.812389,0.818678,-0.813177,2,1.11482,-0.940254,-0.762507,-0.768386,0.763388,
1.77201e+09,1772005440328724416,1,60.088,1.45404,0,0,1.58976,-1.94224,-1.38863,-1.42177,-1.42697,0.723186,-1.84807,-1.18816,1.00114,0.812943,0.81777,-0.813104,0,-2.3,-1.1,-1.2,-1.2,0.5,-2.58976,-0.674244,0.543963,0.417947,0.427744,-0.420622,2,0.632967,-0.510659,-0.392357,-0.40155,0.394872,
1.77201e+09,1772005440571964483,1,53.282,0.725792,0,0,1.0093,-2.17705,-1.19707,-1.27277,-1.27597,0.573519,-2.58976,-0.674283,0.543963,0.417614,0.427341,-0.420501,0,-2.3,-1.1,-1.2,-1.2,0.5,-1.90215,-0.231715,0.182947,0.13714,0.143171,-0.138555,1.78569,0.217528,-0.171747,-0.128743,-0.134405,0.130072,
1.77201e+09,1772005440819730379,1,51.078,0.251919,0,0,0.435341,-2.28494,-1.11426,-1.21269,-1.21372,0.512771,-1.90215,-0.231735,0.182947,0.136939,0.14288,-0.138467,0,-2.3,-1.1,-1.2,-1.2,0.5,-0.82045,-0.0283743,0.0268785,0.023915,0.0258529,-0.0240685,0.770218,0.0266371,-0.0252329,-0.0224509,-0.0242701,0.0225949,
1.77201e+09,1772005441080464005,1,61.715,2.38992,0,1,0.0360479,-2.30845,-1.09586,-1.19893,-1.19896,0.498808,-1.13569,-0.0283849,0.0268465,0.023915,0.02591,-0.0241614,2,-1.6,-1.7,-1.7,-1.7,1,2.96395,1.33516,-1.13857,-0.944329,-0.944261,0.944554,-2,-1.25341,1.06886,0.886513,0.886449,-0.886724,
1.77201e+09,1772005441319452162,1,50.788,2.40348,0,1,-0.117972,-2.24861,-1.1563,-1.26119,-1.25898,0.560105,-0.120116,0.697642,-0.701455,-0.716015,-0.696787,0.706083,2,-1.6,-1.7,-1.7,-1.7,1,3.05899,1.21917,-1.02497,-0.828141,-0.832302,0.828243,-2,-1.14112,0.96255,0.77866,0.782561,-0.776696,
1.77201e+09,1772005441572345513,1,53.671,1.71081,0,1,-0.0204016,-1.97676,-1.40018,-1.47037,-1.46715,0.768442,0.87659,1.21924,-1.02497,-0.827333,-0.832331,0.82818,2,-1.6,-1.7,-1.7,-1.7,1,3.0102,0.710064,-0.565042,-0.432757,-0.438826,0.436399,-2,-0.666599,0.530448,0.406262,0.41196,-0.409681,
1.77201e+09,1772005441842745187,1,74.09,1.07829,0,1,0.328759,-1.73752,-1.5943,-1.61994,-1.61872,0.919225,1.89309,0.710103,-0.565042,-0.432044,-0.438117,0.436312,2,-1.6,-1.7,-1.7,-1.7,1,2.67124,0.259182,-0.199206,-0.15088,-0.153177,0.15223,-2,-0.243313,0.18701,0.141642,0.143799,-0.14291,
1.77201e+09,1772005442069915686,1,51.271,0.565196,0,1,0.922791,-1.61165,-1.68975,-1.68939,-1.68951,0.98983,2.67124,0.259157,-0.199206,-0.151467,-0.152764,0.152105,2,-1.6,-1.7,-1.7,-1.7,1,2.03012,0.0219627,-0.0193239,-0.0199989,-0.0197769,0.019167,-1.90583,-0.0206181,0.0181407,0.0187744,0.0185661,-0.0179935,
1.77201e+09,1772005442321262048,1,52.62,0.259194,0,1,1.51842,-1.58545,-1.709,-1.70428,-1.70447,1.0045,2.03012,0.0219475,-0.0193239,-0.0203897,-0.0192276,0.0190299,2,-1.6,-1.7,-1.7,-1.7,1,0.907597,-0.0274228,0.0169658,0.00805886,0.00842788,-0.0084902,-0.85203,0.0257465,-0.0159262,-0.00756486,-0.00791178,0.00797056,
1.77201e+09,1772005442571212944,1,52.543,0.0401611,0,1,1.94964,-1.58926,-1.70695,-1.70406,-1.70417,1.00404,1.26304,-0.0274332,0.0169658,0.00774798,0.00914907,-0.00864821,2,-1.6,-1.7,-1.7,-1.7,1,0.0949133,-0.0202497,0.013097,0.00765178,0.00785958,-0.00761246,-0.0891023,0.019018,-0.012295,-0.00718327,-0.00737826,0.0071464,
1.77201e+09,1772005442819253149,1,50.605,0.0753956,0,1,2.13542,-1.59474,-1.70345,-1.70223,-1.70234,1.0021,0.246883,-0.0202691,0.013097,0.00727004,0.00692012,-0.00748928,2,-1.6,-1.7,-1.7,-1.7,1,-0.255223,-0.0101277,0.00640279,0.00395126,0.00456001,-0.00398741,0.239615,0.00974528,-0.00590646,-0.0034515,-0.00443634,0.00376739,
1.77201e+09,1772005443068235428,1,49.541,0.0577284,0,1,2.10878,-1.59787,-1.70146,-1.70107,-1.70111,1.00091,-0.255225,-0.0101605,0.00642246,0.00395126,0.00455155,-0.00396999,2,-1.6,-1.7,-1.7,-1.7,1,-0.205008,-0.00401033,0.00274511,0.00201677,0.00208918,-0.00171508,0.192456,0.00376679,-0.00257672,-0.00189203,-0.00195337,0.00161032,
1.77201e+09,1772005443319788063,1,51.16,0.0285919,0,1,2.05459,-1.59921,-1.70057,-1.70047,-1.70041,1.00035,-0.204988,-0.00402468,0.00275159,0.00201677,0.00208458,-0.00172733,2,-1.6,-1.7,-1.7,-1.7,1,-0.102877,-0.00149519,0.00107525,0.000887438,0.000781235,-0.000659151,0.0965781,0.0014088,-0.00100935,-0.00083311,-0.000733926,0.000618807,
1.77201e+09,1772005443574459625,1,55.728,2.4279,0,0,2.02196,-1.59973,-1.7002,-1.70018,-1.70012,1.00012,-0.102857,-0.00149317,0.00107525,0.000859519,0.000710097,-0.000648769,0,-2.3,-1.1,-1.2,-1.2,0.5,-3.01098,-1.31974,1.13115,0.942652,0.942535,-0.942532,2,1.23894,-1.0619,-0.884939,-0.884829,0.884824,
1.77201e+09,1772005443823533020,1,54.908,2.17745,0,0,1.92196,-1.67439,-1.62566,-1.62584,-1.6295,0.926317,-0.869512,-0.767824,0.767742,0.775872,0.729221,-0.760371,0,-2.3,-1.1,-1.2,-1.2,0.5,-2.92196,-1.17904,0.990719,0.802462,0.809365,-0.803445,2,1.10685,-0.930111,-0.753244,-0.759734,0.754256,
1.77201e+09,1772005444077575443,1,58.918,1.43488,0,0,1.57705,-1.94881,-1.38359,-1.41709,-1.42239,0.718464,-1.86554,-1.17897,0.990719,0.803189,0.809016,-0.803476,0,-2.3,-1.1,-1.2,-1.2,0.5,-2.57704,-0.662004,0.534578,0.409053,0.418981,-0.411649,1.99998,0.621638,-0.501984,-0.383915,-0.393188,0.38637,
1.77201e+09,1772005444319934693,1,51.268,0.713155,0,0,0.992783,-2.17997,-1.19551,-1.27144,-1.27447,0.572068,-2.57704,-0.662043,0.534578,0.40873,0.41859,-0.411531,0,-2.3,-1.1,-1.2,-1.2,0.5,-1.87101,-0.22622,0.18,0.13464,0.140348,-0.135821,1.75646,0.21237,-0.168976,-0.126397,-0.131756,0.127505,
1.77201e+09,1772005444572547675,1,53.9,0.248049,0,0,0.423987,-2.28434,-1.11529,-1.21345,-1.21428,0.513423,-1.87101,-0.226239,0.18,0.134447,0.140068,-0.135736,0,-2.3,-1.1,-1.2,-1.2,0.5,-0.799105,-0.0294705,0.0296048,0.0252656,0.0268222,-0.0253279,0.750235,0.0276121,-0.0286212,-0.0236299,-0.0250921,0.0238093,
1.77201e+09,1772005444837541057,1,68.909,2.39158,0,1,0.030564,-2.30793,-1.09642,-1.19934,-1.19929,0.499158,-1.10455,-0.0295065,0.0296048,0.0252816,0.0277951,-0.0254655,2,-1.6,-1.7,-1.7,-1.7,1,2.96944,1.33418,-1.13751,-0.943547,-0.943641,0.943894,-2,-1.25249,1.06787,0.885779,0.885867,-0.886104,
1.77201e+09,1772005445073742155,1,55.111,2.41638,0,1,-0.118194,-2.25345,-1.15107,-1.25605,-1.25404,0.555018,-0.109288,0.658432,-0.660395,-0.675126,-0.658066,0.666313,2,-1.6,-1.7,-1.7,-1.7,1,3.0591,1.23039,-1.03451,-0.836676,-0.840453,0.838525,-2,-1.15387,0.971176,0.78546,0.788987,-0.787085,
1.77201e+09,1772005445332260191,1,63.638,1.71988,0,1,-0.0156855,-1.98436,-1.39374,-1.46488,-1.46193,0.763278,0.906559,1.23043,-1.03451,-0.836104,-0.840387,0.838466,2,-1.6,-1.7,-1.7,-1.7,1,3.00784,0.724525,-0.575046,-0.443129,-0.448068,0.446133,-2,-0.680321,0.537569,0.416018,0.41999,-0.418822,
1.77201e+09,1772005445581007356,1,62.352,1.06938,0,1,0.338649,-1.7361,-1.5957,-1.62144,-1.62031,0.921247,1.90386,0.72456,-0.575046,-0.442473,-0.448575,0.446239,2,-1.6,-1.7,-1.7,-1.7,1,2.66135,0.256499,-0.196565,-0.148059,-0.150194,0.14842,-2,-0.240795,0.18453,0.138995,0.140999,-0.139333,
1.77201e+09,1772005445815701515,1,47.069,0.561317,0,1,0.935848,-1.61319,-1.68808,-1.68863,-1.68859,0.989403,2.66135,0.256473,-0.196565,-0.148655,-0.149784,0.148294,2,-1.6,-1.7,-1.7,-1.7,1,2.00492,0.0248558,-0.0224706,-0.0214225,-0.0214968,0.0199704,-1.88154,-0.0233339,0.0210949,0.020111,0.0201803,-0.0187477,
1.77201e+09,1772005446069390940,1,50.733,0.251075,0,1,1.52378,-1.5886,-1.70631,-1.70259,-1.70268,1.00295,2.00492,0.0248406,-0.0224706,-0.0218089,-0.0209676,0.019838,2,-1.6,-1.7,-1.7,-1.7,1,0.897497,-0.0214851,0.0118824,0.00488398,0.00505585,-0.00555687,-0.842546,0.0201754,-0.0111536,-0.00458348,-0.00474858,0.0052168,
1.77201e+09,1772005446337741263,1,69.036,2.3872,0,0,1.95062,-1.59102,-1.70547,-1.70309,-1.70314,1.00311,1.23784,-0.0215079,0.0118824,0.00442054,0.00420261,-0.00545697,0,-2.3,-1.1,-1.2,-1.2,0.5,-2.95061,-1.33616,1.14107,0.948125,0.948231,-0.948166,2,1.25435,-1.07121,-0.890076,-0.890176,0.890115,
1.77201e+09,1772005446571812667,1,53.213,2.41761,0,0,2.13242,-1.65846,-1.64044,-1.64028,-1.64192,0.939975,0.241073,-0.711352,0.701882,0.698316,0.672928,-0.691645,0,-2.3,-1.1,-1.2,-1.2,0.5,-3.06621,-1.20905,1.01853,0.829761,0.832857,-0.829183,2,1.13503,-0.956168,-0.778959,-0.781866,0.778417,
1.77201e+09,1772005446823626244,1,54.988,1.75928,0,0,2.06285,-1.93189,-1.39702,-1.43044,-1.43444,0.731422,-0.774103,-1.20899,1.01853,0.830401,0.832606,-0.829212,0,-2.3,-1.1,-1.2,-1.2,0.5,-3.03142,-0.693742,0.559771,0.434292,0.441841,-0.436142,2,0.651268,-0.525499,-0.407702,-0.414793,0.40944,
1.77201e+09,1772005447079114277,1,60.407,1.10806,0,0,1.74171,-2.16936,-1.20338,-1.27903,-1.2817,0.579652,-1.77072,-0.693694,0.559771,0.434409,0.440669,-0.436005,0,-2.3,-1.1,-1.2,-1.2,0.5,-2.74171,-0.246215,0.194841,0.148944,0.153971,-0.150114,2,0.23114,-0.182912,-0.139824,-0.144545,0.140923,
1.77201e+09,1772005447339231555,1,70.614,0.622002,0,0,1.16942,-2.28392,-1.11527,-1.21406,-1.21505,0.514124,-2.74172,-0.246256,0.194841,0.148701,0.153887,-0.150048,0,-2.3,-1.1,-1.2,-1.2,0.5,-2.16758,-0.0259296,0.028764,0.0264959,0.0285771,-0.0265975,1.99632,0.0196919,-0.0269975,-0.0248739,-0.0270608,0.0249472,
1.77201e+09,1772005447562418324,1,43.72,0.28752,0,0,0.543848,-2.31289,-1.09229,-1.19651,-1.19653,0.496372,-2.16758,-0.025958,0.028764,0.0263037,0.0285682,-0.0265475,0,-2.3,-1.1,-1.2,-1.2,0.5,-1.02531,0.0316624,-0.0167171,-0.0100575,-0.00619853,0.00585332,0.962921,-0.0375382,0.018019,0.0131328,0.00545233,-0.00445064,
1.77201e+09,1772005447818260673,1,49.648,0.0542595,0,0,0.0838641,-2.30811,-1.09406,-1.19715,-1.19611,0.496141,-1.36283,0.0316204,-0.0167171,-0.0100665,-0.00521263,0.00571916,0,-2.3,-1.1,-1.2,-1.2,0.5,-0.158327,0.0150736,-0.0113724,-0.00553306,-0.00765693,0.00710366,0.148926,-0.0139244,0.0108612,0.00536139,0.00753395,-0.00648889,
1.77201e+09,1772005448068095056,1,49.391,0.0705435,0,0,-0.129253,-2.30338,-1.09721,-1.19879,-1.19773,0.497814,-0.366379,0.0150629,-0.0113943,-0.00553306,-0.00760653,0.00703103,0,-2.3,-1.1,-1.2,-1.2,0.5,0.243592,0.00637515,-0.00525183,-0.00227806,-0.0042773,0.00411738,-0.228678,-0.0059847,0.00493035,0.00213843,0.00401556,-0.00386204,
1.77201e+09,1772005448318019866,1,49.368,0.0597042,0,0,-0.114304,-2.30132,-1.09886,-1.19953,-1.19884,0.498985,0.243595,0.00637653,-0.00525183,-0.00231466,-0.00411905,0.0041121,0,-2.3,-1.1,-1.2,-1.2,0.5,0.215419,0.00248986,-0.0021529,-0.00087795,-0.00218584,0.00191241,-0.20223,-0.00233675,0.00202154,0.00082417,0.00205246,-0.0017949,
1.77201e+09,1772005448567021991,1,48.361,0.0303779,0,0,-0.0587678,-2.30047,-1.09958,-1.19984,-1.19948,0.49959,0.215422,0.00249095,-0.0021529,-0.000903239,-0.00204534,0.00190521,0,-2.3,-1.1,-1.2,-1.2,0.5,0.110755,0.000890785,-0.000798005,-0.000301631,-0.000985489,0.000772787,-0.103974,-0.000838278,0.000749272,0.000283166,0.000925021,-0.000725576,
1.77201e+09,1772005448832774473,1,64.168,2.43056,0,1,-0.02415,-2.30016,-1.09985,-1.19995,-1.19978,0.499846,0.110764,0.000900026,-0.000798005,-0.000367452,-0.000664682,0.000767098,2,-1.6,-1.7,-1.7,-1.7,1,3.01207,1.31953,-1.13105,-0.942397,-0.942731,0.942597,-2,-1.23874,1.06181,0.884701,0.885013,-0.884887,
1.77201e+09,1772005449091577254,1,72.915,2.20127,0,1,0.069007,-2.23466,-1.16554,-1.26656,-1.26531,0.565717,0.819736,0.707965,-0.709983,-0.720452,-0.708777,0.712071,2,-1.6,-1.7,-1.7,-1.7,1,2.93099,1.19609,-1.00726,-0.816871,-0.819224,0.818456,-2,-1.12286,0.94559,0.766858,0.769068,-0.768346,
1.77201e+09,1772005449330492522,1,61.886,1.46142,0,1,0.403862,-1.96335,-1.40775,-1.47721,-1.47558,0.776108,1.8357,1.19615,-1.00726,-0.81609,-0.81909,0.818377,2,-1.6,-1.7,-1.7,-1.7,1,2.59614,0.684775,-0.550776,-0.419871,-0.422948,0.42195,-2,-0.64285,0.517055,0.394164,0.397053,-0.396116,
1.77201e+09,1772005449568646459,1,49.987,0.731501,0,1,0.982477,-1.72641,-1.60089,-1.62665,-1.62654,0.926847,2.59616,0.68479,-0.550776,-0.419672,-0.424234,0.422164,2,-1.6,-1.7,-1.7,-1.7,1,1.91762,0.238235,-0.18678,-0.138241,-0.138437,0.137865,-1.80019,-0.223649,0.175344,0.129777,0.129961,-0.129424,
1.77201e+09,1772005449816354787,1,47.743,0.26035,0,1,1.55508,-1.61844,-1.68334,-1.68584,-1.68699,0.986496,1.91763,0.238218,-0.18678,-0.138708,-0.137957,0.137741,2,-1.6,-1.7,-1.7,-1.7,1,0.83851,0.0347567,-0.0313958,-0.0266927,-0.024515,0.0254497,-0.787173,-0.0326276,0.0294736,0.0250586,0.0230155,-0.0238912,
1.77201e+09,1772005450084206863,1,65.457,2.38137,0,0,1.95444,-1.59429,-1.70208,-1.6998,-1.70061,1.0001,1.13157,0.0347458,-0.0313958,-0.0271753,-0.0232143,0.0251758,0,-2.3,-1.1,-1.2,-1.2,0.5,-2.95444,-1.33,1.13469,0.941925,0.943466,-0.942498,2,1.24857,-1.06522,-0.884254,-0.885702,0.884796,
1.77201e+09,1772005450327696480,1,59.056,2.4018,0,0,2.10981,-1.64936,-1.6462,-1.64336,-1.64573,0.943136,0.129284,-0.674365,0.677771,0.684376,0.657426,-0.679035,0,-2.3,-1.1,-1.2,-1.2,0.5,-3.05491,-1.22621,1.02938,0.835565,0.84003,-0.83514,2,1.15113,-0.966354,-0.784408,-0.7886,0.784009,
1.77201e+09,1772005450577862821,1,59.182,1.7133,0,0,2.0146,-1.91898,-1.40357,-1.43339,-1.43797,0.734148,-0.866755,-1.22614,1.02938,0.836342,0.839964,-0.835208,0,-2.3,-1.1,-1.2,-1.2,0.5,-3.0073,-0.718079,0.57211,0.439854,0.448478,-0.441279,2,0.674115,-0.537083,-0.412924,-0.42102,0.414261,
1.77201e+09,1772005450838144440,1,69.51,1.07677,0,0,1.66799,-2.16246,-1.20592,-1.27961,-1.28248,0.580002,-1.88258,-0.718066,0.57211,0.439873,0.447994,-0.441217,0,-2.3,-1.1,-1.2,-1.2,0.5,-2.66799,-0.25921,0.19961,0.150039,0.155442,-0.150773,2,0.24334,-0.187389,-0.140852,-0.145925,0.141542,
1.77201e+09,1772005451062616264,1,43.909,0.565726,0,0,1.07622,-2.28767,-1.11102,-1.21035,-1.21124,0.510295,-2.66799,-0.259247,0.19961,0.149822,0.155348,-0.150711,0,-2.3,-1.1,-1.2,-1.2,0.5,-2.02787,-0.0232373,0.0207681,0.0195061,0.0211817,-0.0194026,1.9033,0.0218146,-0.0194966,-0.0183119,-0.0198849,0.0182147,
1.77201e+09,1772005451305019705,1,36.426,0.257386,0,0,0.487466,-2.31181,-1.09327,-1.19713,-1.19714,0.496966,-2.02787,-0.0232628,0.0207681,0.0193343,0.0211738,-0.0193581,0,-2.3,-1.1,-1.2,-1.2,0.5,-0.918685,0.0222615,-0.0126885,-0.00540763,-0.00538788,0.00571721,0.862439,-0.0208986,0.0119117,0.00507663,0.00505798,-0.00536615,
1.77201e+09,1772005451558863159,1,40.266,0.0449736,0,0,0.0683208,-2.3084,-1.09493,-1.19742,-1.19715,0.49728,-1.20393,0.0222483,-0.0127291,-0.00540763,-0.00532182,0.00562179,0,-2.3,-1.1,-1.2,-1.2,0.5,-0.131653,0.0131245,-0.0123365,-0.00726473,-0.00703205,0.00343264,0.126664,-0.00944426,0.014526,0.00936204,0.00836971,-0.0014259,
1.77201e+09,1772005451809980446,1,41.404,0.0567304,0,0,-0.102755,-2.30471,-1.09803,-1.19914,-1.19862,0.498213,-0.188312,0.0130941,-0.0123365,-0.00721891,-0.00605554,0.00328753,0,-2.3,-1.1,-1.2,-1.2,0.5,0.192861,0.00815546,-0.00276877,-0.00229374,-0.00335494,0.00249302,-0.180213,-0.00689173,0.00159122,0.00287115,0.0039555,-0.00141106,
1.77201e+09,1772005452061539155,1,42.838,0.0438202,0,0,-0.0828002,-2.30243,-1.0992,-1.19997,-1.19955,0.498871,0.192863,0.00815596,-0.00276877,-0.00231633,-0.00324404,0.00248802,0,-2.3,-1.1,-1.2,-1.2,0.5,0.156048,0.00457005,-0.0015128,-5.90849e-05,-0.000846156,0.00212837,-0.146495,-0.0042897,0.00142031,5.56707e-05,0.000788789,-0.00199802,
1.77201e+09,1772005452325246676,1,56.61,2.45338,0,1,-0.0418746,-2.3011,-1.09964,-1.2001,-1.19987,0.499418,0.156039,0.00455882,-0.00149832,-5.90849e-05,-0.000811076,0.00209652,2,-1.6,-1.7,-1.7,-1.7,1,3.02094,1.32081,-1.13141,-0.94212,-0.942551,0.943348,-2,-1.23942,1.0621,0.884433,0.884843,-0.88553,
1.77201e+09,1772005452594271011,1,75.637,2.18305,0,1,0.069711,-2.2276,-1.17261,-1.2739,-1.27249,0.572786,0.903351,0.749876,-0.749013,-0.759404,-0.747306,0.752099,2,-1.6,-1.7,-1.7,-1.7,1,2.93029,1.18278,-0.993931,-0.803036,-0.805684,0.805135,-2,-1.11036,0.933078,0.753871,0.756357,-0.755841,
1.77201e+09,1772005452847117141,1,78.511,1.42932,0,1,0.425474,-1.9535,-1.41708,-1.48502,-1.48337,0.783917,1.91934,1.18284,-0.993931,-0.80227,-0.805546,0.805062,2,-1.6,-1.7,-1.7,-1.7,1,2.57453,0.666203,-0.533188,-0.40516,-0.408261,0.407234,-2,-0.625415,0.500534,0.380354,0.383266,-0.382301,
1.77201e+09,1772005453065955208,1,47.248,0.681206,0,1,1.01698,-1.71038,-1.61545,-1.63837,-1.63838,0.938784,2.57455,0.666222,-0.533188,-0.404865,-0.409419,0.407436,2,-1.6,-1.7,-1.7,-1.7,1,1.85665,0.20798,-0.159369,-0.116167,-0.116012,0.11536,-1.74727,-0.195206,0.149641,0.109072,0.108782,-0.108288,
1.77201e+09,1772005453311240918,1,42.628,0.225711,0,1,1.58322,-1.60803,-1.69248,-1.69295,-1.69418,0.993774,1.85666,0.207965,-0.159369,-0.116602,-0.115452,0.115222,2,-1.6,-1.7,-1.7,-1.7,1,0.785472,0.0149042,-0.0143868,-0.013717,-0.017538,0.0116482,-0.737383,-0.013745,0.013732,0.0133427,0.0234376,-0.0108447,
1.77201e+09,1772005453586908206,1,68.169,2.39399,0,0,1.96351,-1.59076,-1.70536,-1.70256,-1.70446,1.00284,1.0514,0.0148944,-0.0143868,-0.0141498,-0.0163046,0.0113893,0,-2.3,-1.1,-1.2,-1.2,0.5,-2.96351,-1.33664,1.14088,0.947132,0.950715,-0.947666,2,1.25481,-1.07103,-0.889144,-0.892507,0.889646,
1.77201e+09,1772005453832429467,1,63.865,2.39331,0,0,2.10381,-1.65079,-1.64523,-1.64283,-1.64746,0.942368,0.0762725,-0.694175,0.69478,0.698139,0.666235,-0.69309,0,-2.3,-1.1,-1.2,-1.2,0.5,-3.05191,-1.2235,1.02755,0.834555,0.843279,-0.833693,2,1.14859,-0.964638,-0.78346,-0.791633,0.78265,
1.77201e+09,1772005454083643366,1,64.985,1.68751,0,0,1.99535,-1.92271,-1.40146,-1.43147,-1.43742,0.732026,-0.919757,-1.22344,1.02755,0.835317,0.84321,-0.833759,0,-2.3,-1.1,-1.2,-1.2,0.5,-2.99535,-0.710759,0.568112,0.4362,0.447398,-0.43729,2,0.666945,-0.533306,-0.409455,-0.419953,0.410529,
1.77201e+09,1772005454339106836,1,70.51,1.05138,0,0,1.63549,-2.1676,-1.20227,-1.27633,-1.27967,0.576615,-1.93557,-0.710747,0.568112,0.436207,0.446919,-0.437227,0,-2.3,-1.1,-1.2,-1.2,0.5,-2.63549,-0.249514,0.192742,0.143846,0.150143,-0.14439,2,0.234237,-0.180942,-0.135039,-0.140951,0.13555,
1.77201e+09,1772005454575027045,1,56.391,0.539743,0,0,1.03621,-2.29085,-1.10861,-1.20825,-1.20912,0.508144,-2.63549,-0.249547,0.192742,0.143648,0.150051,-0.144333,0,-2.3,-1.1,-1.2,-1.2,0.5,-1.95151,-0.0186868,0.0162308,0.0153031,0.017185,-0.0159294,1.83061,0.0190638,-0.0152326,-0.0141119,-0.0161357,0.0155716,
1.77201e+09,1772005454819085810,1,50.455,0.24591,0,0,0.447414,-2.31666,-1.08959,-1.19438,-1.19422,0.494065,-1.95151,-0.0187056,0.0162308,0.0151673,0.0171716,-0.0158925,0,-2.3,-1.1,-1.2,-1.2,0.5,-0.843234,0.0313921,-0.0197797,-0.00292595,-0.0115295,0.0111386,0.79164,-0.0294736,0.0187344,-0.00538447,0.0114914,-0.0104071,
1.77201e+09,1772005455082945707,1,64.28,2.39963,0,1,0.0357819,-2.31192,-1.09236,-1.19407,-1.19523,0.49522,-1.18506,0.0313793,-0.0198176,-0.00292595,-0.0114667,0.0110499,2,-1.6,-1.7,-1.7,-1.7,1,2.96422,1.34169,-1.14516,-0.953491,-0.951295,0.951315,-2,-1.25954,1.07505,0.895114,0.893053,-0.893072,
1.77201e+09,1772005455321811347,1,53.171,2.40314,0,1,-0.130581,-2.23713,-1.16447,-1.26302,-1.26452,0.565305,-0.169486,0.757417,-0.748113,-0.742858,-0.733476,0.741193,2,-1.6,-1.7,-1.7,-1.7,1,3.06529,1.20074,-1.00927,-0.823543,-0.820715,0.819233,-2,-1.12723,0.947476,0.773122,0.770467,-0.769076,
1.77201e+09,1772005455576404713,1,57.835,1.72197,0,1,-0.0453408,-1.96059,-1.40877,-1.47318,-1.47352,0.774535,0.827319,1.20081,-1.00927,-0.822756,-0.82074,0.819175,2,-1.6,-1.7,-1.7,-1.7,1,3.02267,0.679576,-0.548858,-0.427474,-0.426833,0.424915,-2,-0.637975,0.515256,0.401305,0.400701,-0.3989,
1.77201e+09,1772005455839718918,1,71.112,1.07971,0,1,0.291502,-1.72425,-1.60116,-1.62342,-1.62404,0.924717,1.84382,0.679612,-0.548858,-0.426806,-0.426108,0.424826,2,-1.6,-1.7,-1.7,-1.7,1,2.7085,0.234163,-0.186271,-0.144327,-0.143162,0.141879,-2,-0.219826,0.174867,0.135491,0.134397,-0.133192,
1.77201e+09,1772005456077973774,1,59.38,0.583778,0,1,0.877443,-1.60786,-1.69108,-1.69007,-1.69056,0.991152,2.70849,0.234135,-0.186271,-0.144996,-0.142684,0.141734,2,-1.6,-1.7,-1.7,-1.7,1,2.11546,0.0148061,-0.0168154,-0.0187116,-0.0177975,0.0166757,-1.9858,-0.0138996,0.0157859,0.0175661,0.0167082,-0.0156547,
1.77201e+09,1772005456328589642,1,59.94,0.276391,0,1,1.48711,-1.58441,-1.7095,-1.70478,-1.7049,1.00511,2.11546,0.0147894,-0.0168154,-0.0191383,-0.0171892,0.0165243,2,-1.6,-1.7,-1.7,-1.7,1,0.966596,-0.0293861,0.0179019,0.00901657,0.00927115,-0.00963902,-0.907417,0.0275869,-0.0168058,-0.00846518,-0.00873793,0.00904891,
1.77201e+09,1772005456569592988,1,50.916,0.0426865,0,1,1.94693,-1.58869,-1.7074,-1.70455,-1.70454,1.0045,1.38667,-0.029398,0.0179019,0.00865858,0.0101376,-0.00982736,2,-1.6,-1.7,-1.7,-1.7,1,0.100017,-0.0213252,0.0139514,0.00857026,0.00855559,-0.00847251,-0.093894,0.020021,-0.0130972,-0.00804515,-0.0080278,0.00795379,
1.77201e+09,1772005456798205243,1,29.642,0.0919455,0,1,2.16737,-1.59449,-1.70368,-1.70248,-1.70252,1.00233,0.389699,-0.0213448,0.0139514,0.00818419,0.00762281,-0.00835099,2,-1.6,-1.7,-1.7,-1.7,1,-0.315329,-0.0109821,0.00692409,0.0045255,0.0273112,-0.00429647,0.295921,0.0109478,-0.00647917,-0.00408376,-0.0495826,0.00394073,
1.77201e+09,1772005457051008415,1,32.366,0.079527,0,1,2.14897,-1.59759,-1.70172,-1.70128,-1.69647,1.00113,-0.315341,-0.0110348,0.00695625,0.0045255,0.0272985,-0.00426084,2,-1.6,-1.7,-1.7,-1.7,1,-0.28076,-0.00454168,0.00323628,0.00241926,-0.00664063,-0.00213684,0.263571,0.00426146,-0.00303815,-0.00227138,0.00621397,0.00200603,
1.77201e+09,1772005457313435799,1,44.809,0.0417413,0,1,2.07728,-1.599,-1.70075,-1.70059,-1.69665,1.00052,-0.280773,-0.00458446,0.00326206,0.00241926,-0.00665108,-0.00210447,2,-1.6,-1.7,-1.7,-1.7,1,-0.14591,-0.00191525,0.00051667,-0.00077174,-0.00277298,-0.0014507,0.137265,0.00183708,0.000462288,0.00272665,-0.00115982,0.00186916,
1.77201e+09,1772005457562679269,1,43.933,2.43919,0,0,2.03172,-1.59963,-1.70047,-1.70061,-1.69752,1.00011,-0.145872,-0.0019112,0.00051667,-0.000822025,-0.00282341,-0.00144553,0,-2.3,-1.1,-1.2,-1.2,0.5,-3.01586,-1.31994,1.13165,0.94345,0.937636,-0.942522,2,1.23912,-1.06237,-0.885688,-0.88023,0.884816,
1.77201e+09,1772005457814728031,1,46.194,2.15375,0,0,1.9133,-1.68205,-1.6184,-1.61892,-1.62042,0.918504,-0.950816,-0.806522,0.805517,0.813439,0.764037,-0.799482,0,-2.3,-1.1,-1.2,-1.2,0.5,-2.9133,-1.1646,0.976991,0.789513,0.792331,-0.788719,2,1.0933,-0.917176,-0.741176,-0.743822,0.74043,
1.77201e+09,1772005458085366557,1,66.766,1.40416,0,0,1.54807,-1.95787,-1.37705,-1.41228,-1.41591,0.712892,-1.94685,-1.16454,0.976991,0.790164,0.791979,-0.788744,0,-2.3,-1.1,-1.2,-1.2,0.5,-2.54805,-0.645129,0.523627,0.400134,0.406906,-0.401282,1.99997,0.606007,-0.493161,-0.375714,-0.38199,0.376779,
1.77201e+09,1772005458321455905,1,52.859,0.675756,0,0,0.953537,-2.19018,-1.18794,-1.26583,-1.26823,0.566147,-2.54805,-0.645162,0.523627,0.399854,0.406534,-0.401174,0,-2.3,-1.1,-1.2,-1.2,0.5,-1.79705,-0.206978,0.165732,0.124064,0.128594,-0.124661,1.68703,0.194306,-0.155585,-0.116467,-0.120721,0.117029,
1.77201e+09,1772005458550506938,1,31.923,0.222393,0,0,0.39264,-2.29012,-1.11082,-1.21025,-1.211,0.510187,-1.79705,-0.206995,0.165732,0.123892,0.128351,-0.124586,0,-2.3,-1.1,-1.2,-1.2,0.5,-0.739975,-0.0186272,0.0203886,0.0193255,0.020736,-0.0191977,0.69467,0.0174868,-0.0191403,-0.0181427,-0.0194662,0.0180224,
1.77201e+09,1772005458835685507,1,67.103,2.38433,0,1,0.0372663,-2.30563,-1.09814,-1.20055,-1.20059,0.500423,-0.934782,-0.0186616,0.0203886,0.0193492,0.0217139,-0.0193377,2,-1.6,-1.7,-1.7,-1.7,1,2.96273,1.32985,-1.13427,-0.941267,-0.941198,0.94151,-2,-1.24843,1.06483,0.883638,0.883574,-0.883866,
1.77201e+09,1772005459077565607,1,58.887,2.35948,0,1,-0.0865682,-2.24501,-1.15853,-1.26225,-1.2604,0.561283,-0.0309756,0.68848,-0.688778,-0.700516,-0.683683,0.691743,2,-1.6,-1.7,-1.7,-1.7,1,3.04328,1.2156,-1.02046,-0.824994,-0.828493,0.826813,-2,-1.14118,0.957984,0.774488,0.777786,-0.776192,
1.77201e+09,1772005459325689549,1,57.09,1.66313,0,1,0.0356036,-1.97355,-1.40128,-1.47134,-1.46896,0.770105,0.984914,1.21565,-1.02046,-0.824428,-0.828424,0.826758,2,-1.6,-1.7,-1.7,-1.7,1,2.9644,0.704102,-0.562973,-0.430949,-0.435439,0.433256,-2,-0.661104,0.528512,0.404586,0.408791,-0.406723,
1.77201e+09,1772005459571892495,1,53.274,1.03309,0,1,0.409528,-1.73419,-1.5955,-1.62115,-1.62054,0.92129,1.98224,0.704149,-0.562973,-0.430098,-0.436811,0.433507,2,-1.6,-1.7,-1.7,-1.7,1,2.59047,0.252547,-0.197737,-0.149871,-0.149034,0.148238,-2,-0.236719,0.186481,0.142046,0.139139,-0.139057,
1.77201e+09,1772005459826815432,1,58.179,0.534985,0,1,1.01368,-1.61957,-1.68263,-1.68424,-1.6842,0.98485,2.59047,0.252521,-0.197737,-0.150459,-0.148658,0.148122,2,-1.6,-1.7,-1.7,-1.7,1,1.85883,0.0368913,-0.0327297,-0.0296923,-0.0297818,0.0285527,-1.74503,-0.0346326,0.0307259,0.0278744,0.0279584,-0.0268046,
1.77201e+09,1772005460068871961,1,50.195,0.213167,0,1,1.59226,-1.59062,-1.70489,-1.70146,-1.70131,1.00155,1.86171,0.0368762,-0.0327297,-0.0300656,-0.0293608,0.028441,2,-1.6,-1.7,-1.7,-1.7,1,0.768466,-0.025065,0.00891017,0.00119889,0.00184331,-0.00334652,-0.72146,0.0313622,-0.00804173,0.000528581,-0.00106124,0.00359448,
1.77201e+09,1772005460338600343,1,69.867,2.39947,0,0,1.97884,-1.59314,-1.70504,-1.70299,-1.70271,1.0025,1.07265,-0.0250867,0.00891017,0.000762826,0.000970236,-0.00324047,0,-2.3,-1.1,-1.2,-1.2,0.5,-2.97884,-1.33216,1.14026,0.947939,0.947414,-0.947017,2,1.2506,-1.07045,-0.889903,-0.889409,0.889035,
1.77201e+09,1772005460582561625,1,63.93,2.40116,0,0,2.11981,-1.66148,-1.64076,-1.64102,-1.64253,0.939967,0.0784571,-0.714909,0.69891,0.695347,0.667328,-0.688965,0,-2.3,-1.1,-1.2,-1.2,0.5,-3.05991,-1.20337,1.01912,0.831146,0.834003,-0.829168,2,1.12969,-0.956727,-0.78026,-0.782941,0.778402,
1.77201e+09,1772005460839901353,1,71.201,1.69041,0,0,2.00958,-1.93457,-1.39746,-1.43005,-1.43363,0.73031,-0.936731,-1.20332,1.01912,0.831759,0.833741,-0.829193,0,-2.3,-1.1,-1.2,-1.2,0.5,-3.00479,-0.6887,0.56059,0.433558,0.440309,-0.434046,2,0.646534,-0.526268,-0.407013,-0.413351,0.407472,
1.77201e+09,1772005461091394961,1,72.769,1.04386,0,0,1.64779,-2.17803,-1.19705,-1.27272,-1.27513,0.573058,-1.93337,-0.688668,0.56059,0.433546,0.439103,-0.433879,0,-2.3,-1.1,-1.2,-1.2,0.5,-2.64779,-0.229858,0.1829,0.137049,0.141598,-0.137685,2,0.215786,-0.171702,-0.128659,-0.132929,0.129254,
1.77201e+09,1772005461323035967,1,54.426,0.534893,0,0,1.04634,-2.29693,-1.10461,-1.20498,-1.20577,0.505019,-2.64779,-0.229887,0.1829,0.136878,0.141511,-0.137634,0,-2.3,-1.1,-1.2,-1.2,0.5,-1.97195,-0.0057769,0.00868973,0.00939015,0.0108672,-0.00945967,1.85122,0.0054232,-0.00815769,-0.00881527,-0.0102019,0.00888051,
1.77201e+09,1772005461569918209,1,51.274,0.25349,0,0,0.455955,-2.31809,-1.0882,-1.193,-1.19296,0.492898,-1.97195,-0.00579616,0.00868973,0.00925486,0.0108699,-0.00942487,0,-2.3,-1.1,-1.2,-1.2,0.5,-0.859301,0.034085,-0.0222286,-0.0132011,-0.0132618,0.0133837,0.806692,-0.0319982,0.0208668,0.0123929,0.0124499,-0.0125643,
1.77201e+09,1772005461835141303,1,66.525,2.39921,0,1,0.0372965,-2.31208,-1.09186,-1.19497,-1.19468,0.494864,-1.2055,0.0340457,-0.0222286,-0.0131954,-0.0122839,0.0132472,2,-1.6,-1.7,-1.7,-1.7,1,2.9627,1.34199,-1.14611,-0.951792,-0.952344,0.951987,-2,-1.25983,1.07594,0.893519,0.894039,-0.893702,
1.77201e+09,1772005462083624233,1,64.978,2.41257,0,1,-0.136494,-2.23829,-1.1629,-1.26478,-1.26285,0.563842,-0.209096,0.741112,-0.731395,-0.732934,-0.717687,0.724251,2,-1.6,-1.7,-1.7,-1.7,1,3.06825,1.20293,-1.01222,-0.820222,-0.823853,0.821991,-2,-1.12928,0.950247,0.770004,0.773413,-0.771665,
1.77201e+09,1772005462326377755,1,57.767,1.73901,0,1,-0.0588455,-1.96227,-1.40733,-1.47584,-1.47354,0.774648,0.806845,1.20298,-1.01222,-0.819649,-0.823777,0.821935,2,-1.6,-1.7,-1.7,-1.7,1,3.02942,0.682741,-0.551574,-0.422457,-0.426782,0.424703,-2,-0.640941,0.517804,0.396593,0.400653,-0.398701,
1.77201e+09,1772005462566193112,1,47.604,1.09242,0,1,0.270563,-1.7266,-1.59924,-1.62409,-1.62359,0.924287,1.80418,0.682789,-0.551574,-0.421581,-0.428049,0.424941,2,-1.6,-1.7,-1.7,-1.7,1,2.72943,0.238588,-0.189902,-0.143076,-0.143998,0.142689,-2,-0.223971,0.178285,0.134335,0.135172,-0.133951,
1.77201e+09,1772005462807850601,1,39.275,0.61672,0,1,0.850493,-1.61891,-1.68214,-1.6839,-1.68419,0.984751,2.72943,0.238557,-0.189902,-0.143782,-0.14353,0.142546,2,-1.6,-1.7,-1.7,-1.7,1,2.1439,0.0356079,-0.0336863,-0.0303863,-0.0296142,0.0287332,-1.98879,-0.0334004,0.031653,0.0285627,0.0276097,-0.026968,
1.77201e+09,1772005463045970796,1,27.348,0.278018,0,1,1.45319,-1.59644,-1.70007,-1.69799,-1.69809,0.998325,2.1439,0.0355897,-0.0336863,-0.0308412,-0.0290329,0.0285867,2,-1.6,-1.7,-1.7,-1.7,1,1.03052,-0.00670575,0.000120772,-0.00379711,-0.00363268,0.00315595,-0.967412,0.00629833,-0.000109818,0.00356832,0.00343818,-0.00296248,
1.77201e+09,1772005463315249593,1,46.645,0.0568286,0,1,1.89103,-1.5966,-1.70122,-1.69999,-1.70006,1.00001,1.26172,-0.0067289,0.000120772,-0.00426662,-0.00449002,0.00325655,2,-1.6,-1.7,-1.7,-1.7,1,0.205359,-0.0064021,0.00230601,-1.19208e-05,0.000103973,6.50324e-06,-0.192787,0.00601045,-0.00216487,1.11759e-05,-9.62237e-05,-2.95718e-05,
1.77201e+09,1772005463566927130,1,48.297,0.0411232,0,1,2.07881,-1.59822,-1.70077,-1.70031,-1.7004,1.0002,0.264816,-0.00640936,0.00230601,-0.000243946,0.000336856,-5.70345e-05,2,-1.6,-1.7,-1.7,-1.7,1,-0.148522,-0.00334578,0.00144246,0.000574982,0.000744899,-0.000373519,0.139428,0.00314144,-0.00135405,-0.000539259,-0.000699661,0.000350801,
1.77201e+09,1772005463817350341,1,48.746,0.039048,0,1,2.07626,-1.59923,-1.70036,-1.70024,-1.70033,1.00013,-0.148483,-0.00334158,0.00144246,0.00052338,0.000683799,-0.00036664,2,-1.6,-1.7,-1.7,-1.7,1,-0.14373,-0.00147364,0.000658061,0.00043907,-0.0185608,-0.000257907,0.134934,0.0014045,-0.00059986,-0.000392773,0.0377743,0.000246107,
1.77201e+09,1772005464062788694,1,44.156,2.45239,0,0,2.04008,-1.5997,-1.70015,-1.70014,-1.70393,1.00006,-0.143693,-0.00146971,0.000658061,0.000391375,-0.0186065,-0.000253551,0,-2.3,-1.1,-1.2,-1.2,0.5,-3.02004,-1.3198,1.13105,0.942575,0.949712,-0.942429,2,1.239,-1.06181,-0.884867,-0.891569,0.884729,
1.77201e+09,1772005464318462943,1,49.882,2.16299,0,0,1.9222,-1.68202,-1.61805,-1.61822,-1.63078,0.918748,-0.948659,-0.806117,0.805658,0.814001,0.748292,-0.798272,0,-2.3,-1.1,-1.2,-1.2,0.5,-2.9222,-1.16467,0.976323,0.788124,0.811755,-0.788709,1.99999,1.09338,-0.916548,-0.739811,-0.761959,0.739922,
1.77201e+09,1772005464567360312,1,48.734,1.41115,0,0,1.5575,-1.95782,-1.37639,-1.41112,-1.42265,0.712465,-1.9447,-1.16461,0.976323,0.788766,0.811409,-0.78873,0,-2.3,-1.1,-1.2,-1.2,0.5,-2.5575,-0.644883,0.520906,0.397865,0.419603,-0.400414,2,0.605401,-0.489024,-0.373496,-0.393912,0.375899,
1.77201e+09,1772005464805857417,1,37.279,0.701068,0,0,0.9623,-2.18024,-1.1963,-1.27247,-1.27815,0.573158,-2.55751,-0.644922,0.520906,0.397545,0.419225,-0.400299,0,-2.3,-1.1,-1.2,-1.2,0.5,-1.81357,-0.225699,0.181487,0.136577,0.147283,-0.137874,1.70253,0.211881,-0.170376,-0.128215,-0.138266,0.129433,
1.77201e+09,1772005465048606746,1,30.046,0.258,0,0,0.409541,-2.27576,-1.12264,-1.21931,-1.22091,0.519369,-1.81357,-0.225722,0.181487,0.136372,0.147013,-0.137789,0,-2.3,-1.1,-1.2,-1.2,0.5,-0.771827,-0.0456802,0.0426593,0.0363921,0.0394002,-0.0365038,0.724573,0.0428839,-0.0400475,-0.0341641,-0.0369878,0.034269,
1.77201e+09,1772005465316600091,1,47.992,0.037231,0,0,0.050039,-2.29738,-1.10485,-1.20561,-1.20582,0.505518,-0.951292,-0.045713,0.0426593,0.0364189,0.0403856,-0.0366449,0,-2.3,-1.1,-1.2,-1.2,0.5,-0.0943052,-0.00493296,0.009145,0.0105713,0.0109765,-0.0103991,0.0885323,0.00463107,-0.00858465,-0.00992357,-0.0103034,0.00976115,
1.77201e+09,1772005465567578121,1,48.926,0.0372345,0,0,-0.0685165,-2.30093,-1.10069,-1.20154,-1.20133,0.501454,-0.0942983,-0.00492714,0.009145,0.010468,0.0108059,-0.0103329,0,-2.3,-1.1,-1.2,-1.2,0.5,0.129127,0.00175118,0.00130301,0.00290804,0.00252771,-0.00273996,-0.121221,-0.00164289,-0.00122322,-0.0027287,-0.0023872,0.0025729,
1.77201e+09,1772005465810218722,1,41.639,0.028074,0,0,-0.0542913,-2.30086,-1.09994,-1.20041,-1.20018,0.500349,0.12914,0.00176344,0.00130301,0.00280921,0.00292174,-0.00273958,0,-2.3,-1.1,-1.2,-1.2,0.5,0.102318,0.00170796,-0.000117386,0.00401666,0.000323485,-0.000658276,-0.0960535,-0.00170559,0.000115755,-0.00720727,-0.00028687,0.000618849,
1.77201e+09,1772005466079240610,1,60.652,2.43469,0,1,-0.027338,-2.30042,-1.0999,-1.19948,-1.19994,0.500079,0.102325,0.00171557,-0.000117386,0.00395042,0.000559765,-0.000664157,2,-1.6,-1.7,-1.7,-1.7,1,3.01367,1.32003,-1.13096,-0.943293,-0.942418,0.942158,-2,-1.23921,1.06172,0.885541,0.884717,-0.884475,
1.77201e+09,1772005466338857094,1,70.272,2.18929,0,1,0.0689,-2.22955,-1.1706,-1.27034,-1.2703,0.570828,0.849608,0.74687,-0.747617,-0.756095,-0.745285,0.749358,2,-1.6,-1.7,-1.7,-1.7,1,2.9311,1.18645,-0.997707,-0.809742,-0.809821,0.808824,-2,-1.11381,0.936624,0.760166,0.76024,-0.759304,
1.77201e+09,1772005466589250347,1,70.619,1.44568,0,1,0.408916,-1.95617,-1.41356,-1.48099,-1.48036,0.780968,1.84645,1.1865,-0.997707,-0.809093,-0.809899,0.808788,2,-1.6,-1.7,-1.7,-1.7,1,2.59108,0.671237,-0.539825,-0.412751,-0.413931,0.412791,-2,-0.630141,0.506775,0.38748,0.388589,-0.387518,
1.77201e+09,1772005466814034698,1,45.441,0.707056,0,1,0.990882,-1.71574,-1.60969,-1.6333,-1.6337,0.934056,2.59111,0.671252,-0.539825,-0.412548,-0.41513,0.412994,2,-1.6,-1.7,-1.7,-1.7,1,1.90159,0.218125,-0.170193,-0.125701,-0.124959,0.12428,-1.78495,-0.204771,0.159774,0.118005,0.117308,-0.116671,
1.77201e+09,1772005467067626595,1,48.97,0.24711,0,1,1.56026,-1.61272,-1.68792,-1.68939,-1.69071,0.990221,1.90161,0.218108,-0.170193,-0.126177,-0.124405,0.12414,2,-1.6,-1.7,-1.7,-1.7,1,0.828732,0.0239734,-0.0227739,-0.0199928,-0.0175141,0.0184282,-0.777994,-0.0225056,0.0213798,0.0187687,0.0164422,-0.0172985,
1.77201e+09,1772005467339077018,1,70.409,2.38779,0,0,1.95754,-1.59178,-1.70411,-1.70153,-1.70233,1.00185,1.11549,0.0239508,-0.0227739,-0.0204481,-0.0183995,0.0185349,0,-2.3,-1.1,-1.2,-1.2,0.5,-2.95754,-1.33473,1.13852,0.945183,0.946699,-0.945803,2,1.25302,-1.06881,-0.887314,-0.888737,0.887896,
1.77201e+09,1772005467577567458,1,58.987,2.40863,0,0,2.11235,-1.64787,-1.64775,-1.64507,-1.64672,0.944701,0.138708,-0.666004,0.667226,0.671133,0.649758,-0.66771,0,-2.3,-1.1,-1.2,-1.2,0.5,-3.05618,-1.22901,1.03231,0.838792,0.841904,-0.83809,2,1.15377,-0.969103,-0.787438,-0.790359,0.786778,
1.77201e+09,1772005467830963842,1,62.389,1.7196,0,0,2.01718,-1.91794,-1.40477,-1.43486,-1.43883,0.735719,-0.87647,-1.22896,1.03231,0.839441,0.841642,-0.838116,0,-2.3,-1.1,-1.2,-1.2,0.5,-3.00859,-0.720037,0.574377,0.442625,0.450111,-0.444239,2,0.67595,-0.539211,-0.415525,-0.422552,0.417041,
1.77201e+09,1772005468059080600,1,40.497,1.07697,0,0,1.67046,-2.16323,-1.20548,-1.27935,-1.28198,0.579907,-1.87312,-0.719999,0.574377,0.442654,0.44885,-0.444072,0,-2.3,-1.1,-1.2,-1.2,0.5,-2.67046,-0.257764,0.198784,0.149543,0.154509,-0.150594,2,0.241983,-0.186613,-0.140387,-0.145049,0.141374,
1.77201e+09,1772005468322792204,1,54.206,0.591739,0,0,1.07851,-2.27437,-1.12195,-1.21883,-1.21971,0.518848,-2.67046,-0.257813,0.198784,0.14926,0.154428,-0.150521,0,-2.3,-1.1,-1.2,-1.2,0.5,-2.03255,-0.0483118,0.0413604,0.0354906,0.0371373,-0.0355216,1.90807,0.045354,-0.0388283,-0.033318,-0.0348637,0.0333472,
1.77201e+09,1772005468567457133,1,48.82,0.245711,0,0,0.481473,-2.30445,-1.09906,-1.20157,-1.20156,0.50142,-2.03255,-0.0483433,0.0413604,0.0352819,0.0371061,-0.0354658,0,-2.3,-1.1,-1.2,-1.2,0.5,-0.907391,0.0083877,-0.00177432,0.0029637,0.00294429,-0.00267637,0.851834,-0.0078735,0.00166509,-0.00278225,-0.00276335,0.00251235,
1.77201e+09,1772005468811781246,1,43.195,0.0317227,0,0,0.051417,-2.30575,-1.09703,-1.19904,-1.19875,0.498899,-1.24694,0.0083484,-0.00177432,0.00296514,0.00392801,-0.00281231,0,-2.3,-1.1,-1.2,-1.2,0.5,-0.096902,0.0108385,-0.00541445,-0.00181352,-0.00234697,0.00207026,0.0909699,-0.0101849,0.00487982,0.00170363,0.0022038,-0.00193887,
1.77201e+09,1772005469066728049,1,48.141,0.0702186,0,0,-0.13273,-2.30317,-1.0982,-1.19925,-1.19886,0.499149,-0.250499,0.0108274,-0.00541445,-0.00194588,-0.00226654,0.0020991,0,-2.3,-1.1,-1.2,-1.2,0.5,0.250148,0.00597111,-0.00340926,-0.00142193,-0.00214264,0.00160123,-0.234836,-0.00560882,0.00321318,0.00134403,0.00201233,-0.0015002,
1.77201e+09,1772005469316892377,1,48.288,0.0548307,0,0,-0.105875,-2.30141,-1.09916,-1.19963,-1.19928,0.499558,0.250152,0.00597256,-0.00340926,-0.00146069,-0.00197652,0.00159579,0,-2.3,-1.1,-1.2,-1.2,0.5,0.199533,0.00266331,-0.00158632,-0.0007057,-0.00134613,0.000833808,-0.187317,-0.00250036,0.00148938,0.000662474,0.00126177,-0.000783174,
1.77201e+09,1772005469559574163,1,40.931,0.0273445,0,0,-0.0530669,-2.30057,-1.09965,-1.19984,-1.19964,0.499807,0.199535,0.00266415,-0.00158632,-0.000726734,-0.00122012,0.000826722,0,-2.3,-1.1,-1.2,-1.2,0.5,0.100037,0.000700802,-0.000867227,-0.00165794,-0.00146151,-0.00018612,-0.0939396,-0.000267079,0.00104142,0.00300537,0.0022036,0.000758662,
1.77201e+09,1772005469822547987,1,53.954,2.42835,0,1,-0.0225258,-2.3003,-1.0999,-1.20023,-1.19997,0.499808,0.100043,0.000708475,-0.000867227,-0.00171766,-0.00122636,-0.000194353,2,-1.6,-1.7,-1.7,-1.7,1,3.01126,1.3198,-1.13095,-0.941882,-0.942356,0.942669,-2,-1.23899,1.06171,0.884216,0.88466,-0.884955,
1.77201e+09,1772005470084709261,1,66.136,2.18012,0,1,0.0750581,-2.22776,-1.17271,-1.27444,-1.2727,0.572596,0.847339,0.745982,-0.748367,-0.761162,-0.747619,0.74978,2,-1.6,-1.7,-1.7,-1.7,1,2.92494,1.18309,-0.993731,-0.80201,-0.805287,0.805492,-2,-1.11065,0.93289,0.752907,0.755984,-0.756176,
1.77201e+09,1772005470334742078,1,66.146,1.43645,0,1,0.416821,-1.95402,-1.41557,-1.48417,-1.48223,0.782325,1.86335,1.18315,-0.993731,-0.801236,-0.805148,0.805417,2,-1.6,-1.7,-1.7,-1.7,1,2.58318,0.667191,-0.536042,-0.406762,-0.410408,0.410234,-2,-0.626342,0.503223,0.381858,0.385281,-0.385118,
1.77201e+09,1772005470572269867,1,53.645,0.707803,0,1,0.99962,-1.71813,-1.60745,-1.63192,-1.63171,0.931822,2.5832,0.667204,-0.536042,-0.406591,-0.411596,0.410433,2,-1.6,-1.7,-1.7,-1.7,1,1.88532,0.222627,-0.174412,-0.128307,-0.128707,0.128489,-1.76988,-0.208997,0.163734,0.120452,0.120827,-0.120622,
1.77201e+09,1772005470815801517,1,47.215,0.240632,0,1,1.57184,-1.61215,-1.6883,-1.68967,-1.69081,0.990255,1.88533,0.222611,-0.174412,-0.128765,-0.128187,0.128357,2,-1.6,-1.7,-1.7,-1.7,1,0.806952,0.0218128,-0.0222283,-0.019864,-0.0211545,0.0182153,-0.757595,-0.0193307,0.0210617,0.0190713,0.0239296,-0.0169399,
1.77201e+09,1772005471085276877,1,66.567,2.39138,0,0,1.96314,-1.59149,-1.70446,-1.70169,-1.70308,1.00189,1.09927,0.0218025,-0.0222283,-0.020327,-0.0198492,0.0179413,0,-2.3,-1.1,-1.2,-1.2,0.5,-2.96314,-1.33526,1.13918,0.945496,0.948114,-0.945867,2,1.25351,-1.06943,-0.887609,-0.890066,0.887957,
1.77201e+09,1772005471330005964,1,61.43,2.40345,0,0,2.11057,-1.6498,-1.64629,-1.64354,-1.64734,0.943112,0.0977239,-0.687296,0.686938,0.691498,0.660764,-0.686241,0,-2.3,-1.1,-1.2,-1.2,0.5,-3.05528,-1.22537,1.02954,0.835902,0.843058,-0.835096,2,1.15035,-0.96651,-0.784728,-0.791442,0.783968,
1.77201e+09,1772005471560902862,1,42.213,1.7029,0,0,2.00746,-1.92105,-1.40284,-1.43297,-1.43879,0.733583,-0.898306,-1.22531,1.02954,0.836673,0.842991,-0.835163,0,-2.3,-1.1,-1.2,-1.2,0.5,-3.00373,-0.702569,0.569923,0.437679,0.449151,-0.442449,2,0.647235,-0.53417,-0.409409,-0.420729,0.417732,
1.77201e+09,1772005471840402163,1,71.832,1.08373,0,0,1.65296,-2.15593,-1.21202,-1.28502,-1.28842,0.584962,-1.91416,-0.702561,0.569923,0.437666,0.448664,-0.442381,0,-2.3,-1.1,-1.2,-1.2,0.5,-2.65296,-0.271511,0.211118,0.160233,0.166641,-0.160121,2,0.254888,-0.198193,-0.150422,-0.156439,0.150318,
1.77201e+09,1772005472065131319,1,46.475,0.569144,0,0,1.05624,-2.27913,-1.11643,-1.21492,-1.21581,0.514017,-2.65296,-0.271556,0.211118,0.15997,0.16655,-0.16005,0,-2.3,-1.1,-1.2,-1.2,0.5,-1.98447,-0.0393093,0.0309591,0.028119,0.0297836,-0.0264186,1.85645,0.036875,-0.0290594,-0.0263917,-0.0279555,0.0248039,
1.77201e+09,1772005472300229305,1,31.665,0.242854,0,0,0.472355,-2.30688,-1.09601,-1.19943,-1.19934,0.49875,-1.98447,-0.0393397,0.0309591,0.0279211,0.0297625,-0.0263667,0,-2.3,-1.1,-1.2,-1.2,0.5,-0.889136,0.0108673,-0.00783166,-0.0012487,-0.00249561,0.00154102,0.833562,-0.00797138,0.0076801,0.00136296,0.00366781,-0.000581802,
1.77201e+09,1772005472547457741,1,28.899,0.0414063,0,0,0.0681317,-2.30629,-1.09643,-1.19862,-1.19853,0.498031,-1.14137,0.010855,-0.00787064,-0.0012487,-0.00243353,0.00144912,0,-2.3,-1.1,-1.2,-1.2,0.5,-0.128736,0.0114154,-0.010412,-0.00347542,-0.00689628,0.00342501,0.121208,-0.0102597,0.0136765,0.00419276,0.0108464,-0.00291186,
1.77201e+09,1772005472801821924,1,33.266,0.0468925,0,0,-0.0873172,-2.30346,-1.09893,-1.1994,-1.19987,0.498786,-0.12874,0.0113896,-0.010412,-0.00343789,-0.00606956,0.00330252,0,-2.3,-1.1,-1.2,-1.2,0.5,0.164559,0.00651977,-0.00201174,-0.00112862,-0.000240919,0.00228839,-0.154484,-0.00612064,0.00188858,0.00105954,0.000226189,-0.00214828,
1.77201e+09,1772005473045810666,1,27.206,0.0351682,0,0,-0.0674908,-2.30165,-1.09975,-1.19977,-1.20011,0.499388,0.164561,0.00651966,-0.00201174,-0.00114404,-0.000130614,0.00228072,0,-2.3,-1.1,-1.2,-1.2,0.5,0.126642,0.00201721,-0.00136917,-0.000457102,-0.00106073,0.000375825,-0.118303,-0.000737087,0.00223742,0.000460276,0.00233681,0.000472077,
1.77201e+09,1772005473303767366,1,35.165,2.44367,0,1,-0.0344877,-2.30099,-1.10011,-1.19992,-1.20031,0.499544,0.126654,0.0020294,-0.00136917,-0.000550839,-0.000679624,0.000375516,2,-1.6,-1.7,-1.7,-1.7,1,3.01724,1.3211,-1.13056,-0.942463,-0.941731,0.943168,-2,-1.24022,1.06134,0.884761,0.884075,-0.885423,
1.77201e+09,1772005473584749577,1,66.113,2.13724,0,1,0.0849999,-2.21291,-1.18831,-1.28929,-1.2881,0.587745,0.950606,0.823799,-0.825568,-0.837603,-0.823117,0.827016,2,-1.6,-1.7,-1.7,-1.7,1,2.915,1.1551,-0.964345,-0.774026,-0.776281,0.776943,-1.99999,-1.08438,0.905304,0.726637,0.728754,-0.729375,
1.77201e+09,1772005473842128559,1,73.545,1.37976,0,1,0.452575,-1.9365,-1.43447,-1.49754,-1.49619,0.796192,1.96658,1.15516,-0.964345,-0.773273,-0.776132,0.776876,2,-1.6,-1.7,-1.7,-1.7,1,2.54743,0.634171,-0.500414,-0.381564,-0.384098,0.384099,-2,-0.595344,0.469776,0.358203,0.360582,-0.360583,
1.77201e+09,1772005474074568963,1,55.917,0.651976,0,1,1.04862,-1.70288,-1.62312,-1.64228,-1.64239,0.94252,2.54745,0.634187,-0.500414,-0.381329,-0.385084,0.384272,2,-1.6,-1.7,-1.7,-1.7,1,1.79298,0.193967,-0.144892,-0.108776,-0.108578,0.108328,-1.68321,-0.182172,0.136022,0.102116,0.10193,-0.101696,
1.77201e+09,1772005474324466988,1,55.885,0.20628,0,1,1.61129,-1.60481,-1.6957,-1.69448,-1.69562,0.995162,1.79299,0.193936,-0.144892,-0.109452,-0.11028,0.108556,2,-1.6,-1.7,-1.7,-1.7,1,0.732571,0.00907063,-0.00811238,-0.0103938,-0.00825327,0.00911784,-0.687719,-0.00851558,0.00761572,0.00975742,0.00775048,-0.00855967,
1.77201e+09,1772005474585960601,1,67.294,2.41098,0,0,1.98693,-1.58721,-1.70828,-1.7043,-1.70505,1.00461,1.04527,0.00906112,-0.00811238,-0.0108223,-0.00699926,0.00885513,0,-2.3,-1.1,-1.2,-1.2,0.5,-2.98693,-1.34334,1.14637,0.950413,0.951829,-0.950997,2,1.2611,-1.07618,-0.892225,-0.893554,0.892773,
1.77201e+09,1772005474829526448,1,60.925,2.41349,0,0,2.11826,-1.6487,-1.64658,-1.64379,-1.6461,0.943561,0.029256,-0.700029,0.701054,0.701228,0.673193,-0.695242,0,-2.3,-1.1,-1.2,-1.2,0.5,-3.05913,-1.22745,1.03008,0.836367,0.840723,-0.835942,2,1.1523,-0.967017,-0.785161,-0.789251,0.784762,
1.77201e+09,1772005475086904455,1,68.305,1.69023,0,0,1.99804,-1.92185,-1.40186,-1.43239,-1.43684,0.733186,-0.966771,-1.22738,1.03008,0.837127,0.840651,-0.836008,0,-2.3,-1.1,-1.2,-1.2,0.5,-2.99804,-0.712667,0.568887,0.437967,0.446348,-0.439467,2,0.669036,-0.534057,-0.411153,-0.419021,0.412561,
1.77201e+09,1772005475336753715,1,68.185,1.04214,0,0,1.62643,-2.17007,-1.2,-1.27489,-1.27771,0.575327,-1.98259,-0.712656,0.568887,0.437965,0.445871,-0.439402,0,-2.3,-1.1,-1.2,-1.2,0.5,-2.62643,-0.244869,0.188454,0.141138,0.146448,-0.141963,2,0.229877,-0.176916,-0.132497,-0.137482,0.133272,
1.77201e+09,1772005475566717925,1,48.114,0.5273,0,0,1.02018,-2.2934,-1.10657,-1.20681,-1.20768,0.50677,-2.62643,-0.2449,0.188454,0.140953,0.146357,-0.141909,0,-2.3,-1.1,-1.2,-1.2,0.5,-1.92264,-0.0124343,0.0123764,0.0128302,0.0144755,-0.0127589,1.80493,0.011673,-0.0116186,-0.0120447,-0.0135893,0.0119777,
1.77201e+09,1772005475811873538,1,43.293,0.240852,0,0,0.440721,-2.31559,-1.09034,-1.19481,-1.1948,0.494652,-1.92264,-0.0124541,0.0123764,0.0126925,0.0144718,-0.012723,0,-2.3,-1.1,-1.2,-1.2,0.5,-0.830589,0.0293929,-0.0182163,-0.00978598,-0.0097956,0.0100784,0.779737,-0.0276125,0.0171075,0.0091917,0.0091999,-0.00945998,
1.77201e+09,1772005476083707498,1,65.107,2.39263,0,1,0.04389,-2.31045,-1.09331,-1.19613,-1.19586,0.495995,-1.11786,0.0293812,-0.0182527,-0.00978598,-0.00973731,0.00999547,2,-1.6,-1.7,-1.7,-1.7,1,2.95611,1.33892,-1.14337,-0.949608,-0.950116,0.949856,-2,-1.25695,1.07337,0.891469,0.891946,-0.891702,
1.77201e+09,1772005476313452393,1,44.862,2.36901,0,1,-0.105705,-2.23616,-1.16503,-1.2668,-1.26475,0.565819,-0.102461,0.75542,-0.74655,-0.749774,-0.732152,0.740195,2,-1.6,-1.7,-1.7,-1.7,1,3.05285,1.19407,-1.00818,-0.816813,-0.821141,0.818202,-2,-1.11582,0.946432,0.76722,0.77178,-0.768043,
1.77201e+09,1772005476579651309,1,61.033,1.66928,0,1,-0.00370743,-1.96079,-1.40903,-1.47544,-1.47287,0.774149,0.894361,1.19414,-1.00818,-0.816036,-0.82117,0.818145,2,-1.6,-1.7,-1.7,-1.7,1,3.00185,0.679941,-0.548364,-0.423217,-0.428051,0.425642,-2,-0.638312,0.51479,0.397306,0.401844,-0.399582,
1.77201e+09,1772005476835295395,1,66.737,1.04628,0,1,0.349895,-1.72332,-1.60335,-1.62605,-1.62539,0.926069,1.91086,0.679977,-0.548364,-0.422556,-0.427325,0.425553,2,-1.6,-1.7,-1.7,-1.7,1,2.65011,0.232403,-0.182147,-0.139361,-0.140613,0.139332,-2,-0.218175,0.170995,0.130828,0.132004,-0.130802,
1.77201e+09,1772005477065441913,1,46.851,0.55022,0,1,0.94596,-1.60915,-1.69107,-1.69022,-1.69048,0.990982,2.6501,0.232377,-0.182147,-0.139976,-0.140156,0.139196,2,-1.6,-1.7,-1.7,-1.7,1,1.96398,0.0171265,-0.0169578,-0.0185241,-0.0175706,0.0169802,-1.81988,-0.0159594,0.0160509,0.0174912,0.0160944,-0.015924,
1.77201e+09,1772005477317602382,1,49.028,0.249122,0,1,1.53175,-1.58771,-1.70741,-1.70329,-1.70341,1.00359,1.96398,0.0171123,-0.0169578,-0.0188887,-0.0170483,0.016851,2,-1.6,-1.7,-1.7,-1.7,1,0.88248,-0.0231672,0.0139735,0.00619161,0.00642691,-0.00676069,-0.82845,0.0217487,-0.0131176,-0.00581248,-0.00603494,0.0063468,
1.77201e+09,1772005477560081510,1,41.479,0.039123,0,1,1.94643,-1.59106,-1.70577,-1.70332,-1.70333,1.00331,1.19691,-0.023177,0.0139735,0.005905,0.00706739,-0.00690179,2,-1.6,-1.7,-1.7,-1.7,1,0.100957,-0.0168526,0.0108831,0.0062549,0.00628197,-0.00623445,-0.0947758,0.0158208,-0.0102167,-0.00587201,-0.00589738,0.00585275,
1.77201e+09,1772005477814371298,1,45.77,0.0642773,0,1,2.11567,-1.59557,-1.70291,-1.70186,-1.70193,1.00175,0.180701,-0.016872,0.0108831,0.00587447,0.00533966,-0.00611062,2,-1.6,-1.7,-1.7,-1.7,1,-0.217985,-0.00828817,0.00555478,0.00350185,0.00363497,-0.00328994,0.204627,0.00770663,-0.005285,-0.00328841,-0.00340442,0.00308859,
1.77201e+09,1772005478061162316,1,42.554,0.0481741,0,1,2.09061,-1.59811,-1.70123,-1.70087,-1.70096,1.00078,-0.217984,-0.0083116,0.00556806,0.00350185,0.00362866,-0.00327996,2,-1.6,-1.7,-1.7,-1.7,1,-0.170682,-0.0041632,0.0014804,0.00068793,0.0101922,-0.00168474,0.16015,0.00453797,-0.000493312,0.000370103,-0.0184557,0.00181878,
1.77201e+09,1772005478329563097,1,60.934,2.45723,0,0,2.04543,-1.59935,-1.70066,-1.70057,-1.69874,1.00027,-0.170631,-0.00415764,0.0014804,0.000621401,0.0101448,-0.00168131,0,-2.3,-1.1,-1.2,-1.2,0.5,-3.02271,-1.32045,1.13201,0.943376,0.939929,-0.942822,2,1.23961,-1.0627,-0.885618,-0.882382,0.885097,
1.77201e+09,1772005478573606813,1,55.036,2.19469,0,0,1.93376,-1.66941,-1.63129,-1.63159,-1.63072,0.931431,-0.898952,-0.732267,0.729814,0.734862,0.702718,-0.72361,0,-2.3,-1.1,-1.2,-1.2,0.5,-2.93376,-1.18843,1.00128,0.813381,0.811743,-0.813081,2,1.11567,-0.939973,-0.763582,-0.762044,0.7633,
1.77201e+09,1772005478830563767,1,61.99,1.44847,0,0,1.57925,-1.94234,-1.38909,-1.4227,-1.42459,0.723662,-1.91412,-1.18837,1.00128,0.813909,0.810823,-0.813005,0,-2.3,-1.1,-1.2,-1.2,0.5,-2.57925,-0.674044,0.544814,0.419698,0.423255,-0.421517,2,0.632776,-0.511458,-0.393998,-0.397334,0.39571,
1.77201e+09,1772005479071208693,1,52.612,0.715464,0,0,0.988229,-2.17718,-1.19744,-1.2734,-1.27511,0.573935,-2.57926,-0.674081,0.544814,0.419378,0.422852,-0.421397,0,-2.3,-1.1,-1.2,-1.2,0.5,-1.86241,-0.231458,0.183629,0.138331,0.141549,-0.13934,1.74835,0.217285,-0.172382,-0.129861,-0.132881,0.13081,
1.77201e+09,1772005479323592399,1,54.844,0.243153,0,0,0.417363,-2.28502,-1.11443,-1.21295,-1.21361,0.512975,-1.8624,-0.231476,0.183629,0.138141,0.141262,-0.139255,0,-2.3,-1.1,-1.2,-1.2,0.5,-0.78657,-0.0282227,0.027197,0.0244062,0.0256508,-0.0244648,0.738414,0.0264948,-0.0255318,-0.0229116,-0.02408,0.0229798,
1.77201e+09,1772005479594605706,1,75.981,2.39732,0,1,0.0243351,-2.30941,-1.09518,-1.19845,-1.19848,0.498322,-1.1151,-0.0282329,0.0271663,0.0244062,0.0257058,-0.0245546,2,-1.6,-1.7,-1.7,-1.7,1,2.97566,1.33696,-1.13985,-0.945231,-0.945181,0.945469,-2,-1.25511,1.07006,0.887359,0.887313,-0.887583,
1.77201e+09,1772005479813433137,1,44.838,2.44199,0,1,-0.127338,-2.25955,-1.14548,-1.25036,-1.24864,0.549443,-0.115918,0.640507,-0.643636,-0.656932,-0.640447,0.64809,2,-1.6,-1.7,-1.7,-1.7,1,3.06367,1.24301,-1.04505,-0.847405,-0.850639,0.849128,-2,-1.1669,0.981065,0.795523,0.798559,-0.797141,
1.77201e+09,1772005480062882278,1,44.348,1.7528,0,1,-0.0287226,-1.9929,-1.38744,-1.45831,-1.4562,0.757162,0.880748,1.24308,-1.04505,-0.846587,-0.850674,0.849058,2,-1.6,-1.7,-1.7,-1.7,1,3.01436,0.740461,-0.589047,-0.4555,-0.459474,0.457655,-2,-0.695127,0.552984,0.427612,0.431343,-0.429635,
1.77201e+09,1772005480320002043,1,51.447,1.11029,0,1,0.321475,-1.75208,-1.58247,-1.60928,-1.60883,0.909449,1.89721,0.740501,-0.589047,-0.454765,-0.458792,0.457568,2,-1.6,-1.7,-1.7,-1.7,1,2.67852,0.286619,-0.2215,-0.170969,-0.171813,0.170654,-2,-0.269071,0.207939,0.160501,0.161293,-0.160206,
1.77201e+09,1772005480575753373,1,57.154,0.602335,0,1,0.916736,-1.62965,-1.67493,-1.67736,-1.67773,0.978227,2.67852,0.286591,-0.2215,-0.171599,-0.171477,0.170544,2,-1.6,-1.7,-1.7,-1.7,1,2.04151,0.0558749,-0.0472528,-0.0426684,-0.0419694,0.0410342,-1.9165,-0.0524545,0.0443609,0.0400526,0.0394009,-0.0385215,
1.77201e+09,1772005480805463318,1,36.924,0.246967,0,1,1.51737,-1.5946,-1.70146,-1.69829,-1.69857,0.998693,2.04151,0.0558582,-0.0472528,-0.0430811,-0.0414784,0.0409074,2,-1.6,-1.7,-1.7,-1.7,1,0.909563,-0.0101786,0.00276131,-0.00322299,-0.00268891,0.00246004,-0.853874,0.00955539,-0.00259279,0.00302915,0.00252432,-0.0023061,
1.77201e+09,1772005481057487281,1,38.976,0.0363801,0,1,1.93986,-1.59386,-1.70316,-1.70104,-1.70118,1.00109,1.21691,-0.0101891,0.00276131,-0.00352462,-0.00206545,0.00232099,2,-1.6,-1.7,-1.7,-1.7,1,0.113346,-0.0115881,0.00664192,0.00197984,0.0021951,-0.00204799,-0.106406,0.0108879,-0.00695536,-0.00187328,-0.00203211,0.00192267,
1.77201e+09,1772005481300583777,1,32.081,0.060906,0,1,2.11411,-1.59669,-1.70168,-1.70089,-1.70103,1.0008,0.200749,-0.0116075,0.00664192,0.00159786,0.00125337,-0.00192422,2,-1.6,-1.7,-1.7,-1.7,1,-0.215047,-0.00623291,0.00316978,0.0016755,0.00193411,-0.00150905,0.201881,0.00585215,-0.00297633,-0.0015727,-0.00181405,0.00141663,
1.77201e+09,1772005481553614156,1,35.074,0.04513,0,1,2.08643,-1.59845,-1.70076,-1.70051,-1.70061,1.00041,-0.214965,-0.00622397,0.00316978,0.00155008,0.00235028,-0.00159106,2,-1.6,-1.7,-1.7,-1.7,1,-0.16289,-0.00291264,0.00143169,0.000958949,0.00114075,-0.000773712,0.152917,0.00273479,-0.00134586,-0.000900515,-0.00107091,0.000726369,
1.77201e+09,1772005481815577468,1,46.936,2.45505,0,0,2.04335,-1.59932,-1.70033,-1.70025,-1.70027,1.00018,-0.162844,-0.00290767,0.00143169,0.000895809,0.00109809,-0.000770997,0,-2.3,-1.1,-1.2,-1.2,0.5,-3.02168,-1.32051,1.13139,0.942776,0.942822,-0.942653,2,1.23966,-1.06213,-0.885053,-0.885098,0.88494,
1.77201e+09,1772005482066268605,1,47.673,2.16363,0,0,1.9226,-1.68008,-1.61995,-1.6201,-1.62404,0.920642,-0.948656,-0.788385,0.787265,0.795424,0.748712,-0.779643,0,-2.3,-1.1,-1.2,-1.2,0.5,-2.9226,-1.16831,0.979905,0.791736,0.799149,-0.792749,2,1.09678,-0.919911,-0.743262,-0.750221,0.744213,
1.77201e+09,1772005482337798826,1,69.249,1.41207,0,0,1.55559,-1.95572,-1.37854,-1.41308,-1.41822,0.714439,-1.96385,-1.16826,0.979905,0.792187,0.79825,-0.792671,0,-2.3,-1.1,-1.2,-1.2,0.5,-2.55559,-0.648839,0.524948,0.401566,0.411257,-0.404136,2,0.609114,-0.492808,-0.37698,-0.386078,0.379393,
1.77201e+09,1772005482572814522,1,54.198,0.677822,0,0,0.959087,-2.19021,-1.18772,-1.26511,-1.26813,0.565817,-2.55559,-0.648872,0.524948,0.401283,0.410881,-0.404027,0,-2.3,-1.1,-1.2,-1.2,0.5,-1.80751,-0.206908,0.165314,0.122699,0.128396,-0.12404,1.69685,0.19424,-0.155193,-0.115187,-0.120535,0.116445,
1.77201e+09,1772005482796788875,1,28.219,0.219862,0,0,0.394441,-2.2918,-1.10952,-1.20887,-1.20976,0.508938,-1.80751,-0.206928,0.165314,0.122542,0.128301,-0.123988,0,-2.3,-1.1,-1.2,-1.2,0.5,-0.743747,-0.0162993,0.0176172,0.0161982,0.0183217,-0.0169157,0.698612,0.0162037,-0.0162034,-0.0146647,-0.0171145,0.0159545,
1.77201e+09,1772005483072843187,1,54.296,2.38499,0,1,0.03861,-2.30636,-1.09774,-1.20008,-1.20007,0.499889,-0.945229,-0.0163128,0.0176172,0.0160237,0.0183098,-0.0168635,2,-1.6,-1.7,-1.7,-1.7,1,2.96139,1.33122,-1.13503,-0.94215,-0.942183,0.942517,-2,-1.24971,1.06554,0.884467,0.884499,-0.884812,
1.77201e+09,1772005483319309325,1,50.743,2.32539,0,1,-0.0772783,-2.23632,-1.16769,-1.27157,-1.26928,0.570207,0.0227247,0.748036,-0.749049,-0.762807,-0.743281,0.75183,2,-1.6,-1.7,-1.7,-1.7,1,3.03864,1.19921,-1.0032,-0.807423,-0.81175,0.809993,-2,-1.12579,0.941784,0.757989,0.762054,-0.760401,
1.77201e+09,1772005483576409847,1,57.885,1.62969,0,1,0.0560155,-1.96101,-1.41091,-1.47957,-1.47701,0.778125,1.01954,1.19928,-1.0032,-0.806643,-0.811783,0.80994,2,-1.6,-1.7,-1.7,-1.7,1,2.94398,0.68036,-0.544825,-0.415426,-0.420259,0.418148,-2,-0.638705,0.511468,0.389992,0.394529,-0.392547,
1.77201e+09,1772005483828073031,1,59.493,1.00209,0,1,0.440914,-1.72492,-1.60194,-1.62617,-1.62548,0.926224,2.03608,0.680395,-0.544825,-0.414776,-0.419534,0.418059,2,-1.6,-1.7,-1.7,-1.7,1,2.55908,0.23542,-0.184814,-0.139135,-0.140436,0.13904,-1.99999,-0.221006,0.173501,0.130618,0.131838,-0.130527,
1.77201e+09,1772005484070592329,1,51.959,0.506274,0,1,1.04766,-1.61259,-1.68759,-1.68794,-1.6881,0.988742,2.55907,0.235395,-0.184814,-0.139719,-0.140038,0.138917,2,-1.6,-1.7,-1.7,-1.7,1,1.79352,0.0235625,-0.0152679,-0.022927,-0.0218797,0.0211806,-1.68237,-0.0219514,0.00571425,0.0217406,0.0199624,-0.0198443,
1.77201e+09,1772005484317529465,1,48.975,0.205037,0,1,1.61305,-1.58887,-1.70477,-1.70228,-1.70234,1.0026,1.7935,0.0235224,-0.0152679,-0.023742,-0.0236262,0.0214006,2,-1.6,-1.7,-1.7,-1.7,1,0.729252,-0.0209841,0.0089841,0.0043015,0.00441363,-0.0048981,-0.684604,0.0196991,-0.00843403,-0.004039,-0.00414342,0.00459699,
1.77201e+09,1772005484570128919,1,51.468,2.40103,0,0,1.98138,-1.59157,-1.70386,-1.70282,-1.70276,1.00282,1.00738,-0.0209932,0.0089841,0.00389209,0.0057475,-0.00517154,0,-2.3,-1.1,-1.2,-1.2,0.5,-2.98138,-1.33508,1.13802,0.947617,0.947505,-0.947616,2,1.2533,-1.06833,-0.88959,-0.889492,0.889599,
1.77201e+09,1772005484827210927,1,58.612,2.34984,0,0,2.10325,-1.67119,-1.62726,-1.62768,-1.63011,0.927685,-0.00852176,-0.78733,0.775651,0.778491,0.744275,-0.766608,0,-2.3,-1.1,-1.2,-1.2,0.5,-3.05163,-1.18507,0.993681,0.806006,0.810598,-0.806021,2,1.11252,-0.932843,-0.756659,-0.760969,0.756673,
1.77201e+09,1772005485054498604,1,35.945,1.63274,0,0,1.97359,-1.94845,-1.38377,-1.41731,-1.42104,0.718212,-1.00458,-1.18501,0.993681,0.806684,0.810521,-0.806086,0,-2.3,-1.1,-1.2,-1.2,0.5,-2.97359,-0.662069,0.534699,0.409286,0.416414,-0.411262,2,0.62104,-0.501855,-0.383954,-0.390744,0.386099,
1.77201e+09,1772005485312696483,1,44.174,1.03719,0,0,1.5925,-2.16826,-1.20617,-1.28052,-1.2826,0.58086,-2.02047,-0.662065,0.534699,0.409245,0.415942,-0.41119,0,-2.3,-1.1,-1.2,-1.2,0.5,-2.5925,-0.248285,0.200082,0.151742,0.155666,-0.15239,2,0.233084,-0.187833,-0.142452,-0.146137,0.143059,
1.77201e+09,1772005485556504685,1,37.969,0.554373,0,0,0.983973,-2.27068,-1.12682,-1.22275,-1.22329,0.522599,-2.5925,-0.24833,0.200082,0.151476,0.155588,-0.15232,0,-2.3,-1.1,-1.2,-1.2,0.5,-1.85441,-0.0552543,0.050545,0.0428735,0.0438872,-0.0425911,1.74088,0.0518714,-0.0474504,-0.0402486,-0.0412003,0.0399835,
1.77201e+09,1772005485800102864,1,31.565,0.222717,0,0,0.42064,-2.29751,-1.1049,-1.20591,-1.2058,0.505692,-1.85441,-0.0552849,0.050545,0.0426732,0.0438501,-0.0425375,0,-2.3,-1.1,-1.2,-1.2,0.5,-0.792745,-0.00470029,0.00924229,0.0111376,0.0109267,-0.0107344,0.744209,0.00441338,-0.00868307,-0.0104558,-0.0102576,0.0100849,
1.77201e+09,1772005486084264185,1,65.637,2.37286,0,1,0.0489306,-2.30082,-1.10092,-1.2019,-1.2016,0.501742,-1.01131,-0.0047177,0.00924229,0.0109351,0.0109544,-0.0106798,2,-1.6,-1.7,-1.7,-1.7,1,2.95107,1.32078,-1.12903,-0.938723,-0.939287,0.939025,-2,-1.23991,1.0599,0.88125,0.88178,-0.881534,
1.77201e+09,1772005486330438110,1,61.878,2.35688,0,1,-0.0906429,-2.23847,-1.16234,-1.26388,-1.26214,0.56296,-0.0837684,0.702282,-0.699924,-0.709429,-0.693783,0.700373,2,-1.6,-1.7,-1.7,-1.7,1,3.04532,1.20327,-1.01328,-0.821912,-0.825204,0.823653,-2,-1.1296,0.951239,0.771591,0.774681,-0.773225,
1.77201e+09,1772005486582537154,1,63.992,1.66678,0,1,0.0160197,-1.96801,-1.40406,-1.47262,-1.47037,0.771379,0.91298,1.20334,-1.01328,-0.821128,-0.825235,0.823594,2,-1.6,-1.7,-1.7,-1.7,1,2.98398,0.693554,-0.557733,-0.428525,-0.432769,0.430862,-2,-0.651091,0.523586,0.402288,0.406273,-0.404483,
1.77201e+09,1772005486830758637,1,62.221,1.04031,0,1,0.374278,-1.72798,-1.59996,-1.62452,-1.62396,0.92464,1.92949,0.69359,-0.557733,-0.427846,-0.43205,0.430775,2,-1.6,-1.7,-1.7,-1.7,1,2.62572,0.241193,-0.188545,-0.142247,-0.143311,0.142024,-2,-0.226426,0.177001,0.133538,0.134537,-0.133328,
1.77201e+09,1772005487069734490,1,51.135,0.543445,0,1,0.971799,-1.6129,-1.68798,-1.68839,-1.68864,0.989215,2.62572,0.241167,-0.188545,-0.142847,-0.142888,0.141896,2,-1.6,-1.7,-1.7,-1.7,1,1.92964,0.0237042,-0.0234292,-0.022172,-0.0208624,0.0202475,-1.80289,-0.0215996,0.0228122,0.0211199,0.0189998,-0.0189248,
1.77201e+09,1772005487317278348,1,48.74,0.236345,0,1,1.55455,-1.58851,-1.70675,-1.70288,-1.70294,1.00318,1.92964,0.0236903,-0.0234292,-0.022526,-0.0203696,0.0201248,2,-1.6,-1.7,-1.7,-1.7,1,0.839505,-0.0216457,0.012725,0.00542794,0.00554388,-0.00598936,-0.788107,0.0203207,-0.0119459,-0.00509561,-0.00520451,0.00562267,
1.77201e+09,1772005487583339015,1,64.686,2.39029,0,0,1.9569,-1.59134,-1.7056,-1.70316,-1.70312,1.00314,1.14344,-0.021655,0.012725,0.00515962,0.00612711,-0.00611855,0,-2.3,-1.1,-1.2,-1.2,0.5,-2.9569,-1.33556,1.14132,0.948268,0.948201,-0.948229,2,1.25379,-1.07144,-0.890211,-0.890153,0.89018,
1.77201e+09,1772005487826250378,1,57.657,2.3802,0,0,2.11279,-1.66393,-1.63526,-1.63504,-1.63718,0.934878,0.127528,-0.749745,0.741058,0.739507,0.707869,-0.729607,0,-2.3,-1.1,-1.2,-1.2,0.5,-3.05639,-1.19874,1.00875,0.819886,0.82392,-0.819578,2,1.12534,-0.946988,-0.769689,-0.773477,0.769399,
1.77201e+09,1772005488067388292,1,48.795,1.68709,0,0,2.01714,-1.93935,-1.39149,-1.42482,-1.42863,0.725737,-0.868507,-1.19867,1.00875,0.820617,0.823854,-0.819646,0,-2.3,-1.1,-1.2,-1.2,0.5,-3.00857,-0.679618,0.549352,0.423706,0.430887,-0.42543,2,0.637937,-0.515717,-0.397762,-0.404506,0.399385,
1.77201e+09,1772005488343113047,1,74.544,1.07122,0,0,1.67008,-2.17032,-1.20362,-1.27873,-1.28105,0.579262,-1.88435,-0.679605,0.549352,0.42372,0.430413,-0.425369,0,-2.3,-1.1,-1.2,-1.2,0.5,-2.67008,-0.244402,0.195291,0.148375,0.152749,-0.149378,2,0.229439,-0.183334,-0.139291,-0.143397,0.140232,
1.77201e+09,1772005488559503152,1,40.958,0.565975,0,0,1.07785,-2.28955,-1.11112,-1.21064,-1.21125,0.51063,-2.67009,-0.244436,0.195291,0.148177,0.152658,-0.149321,0,-2.3,-1.1,-1.2,-1.2,0.5,-2.01618,-0.0197425,0.0209191,0.0204888,0.0212056,-0.020062,1.87666,0.0185789,-0.01959,-0.0196961,-0.0199113,0.0188634,
1.77201e+09,1772005488816126030,1,47.549,0.257164,0,0,0.492263,-2.31051,-1.09455,-1.198,-1.19798,0.497917,-2.01618,-0.0197689,0.0209191,0.0203139,0.0212041,-0.0200178,0,-2.3,-1.1,-1.2,-1.2,0.5,-0.927727,0.0198154,-0.0102709,-0.00376997,-0.00379973,0.00392513,0.870927,-0.0186037,0.00964196,0.00353641,0.00356665,-0.00368333,
1.77201e+09,1772005489062822929,1,44.288,0.044028,0,0,0.0682144,-2.3078,-1.09538,-1.19763,-1.1974,0.497561,-1.23057,0.0198016,-0.010313,-0.00376997,-0.00373091,0.00382521,0,-2.3,-1.1,-1.2,-1.2,0.5,-0.128558,0.0147055,-0.00871001,-0.00447367,-0.00490783,0.00459576,0.120688,-0.0138051,0.0081768,0.00419968,0.00460727,-0.00431379,
1.77201e+09,1772005489304792213,1,36.249,0.0600316,0,0,-0.109523,-2.30388,-1.09763,-1.1987,-1.19835,0.498645,-0.21496,0.0146753,-0.00871001,-0.00442695,-0.00393271,0.00445056,0,-2.3,-1.1,-1.2,-1.2,0.5,0.206409,0.00730913,-0.00445945,-0.00244104,-0.00310116,0.00255272,-0.193772,-0.00686142,0.00418727,0.0022902,0.00291143,-0.00239642,
1.77201e+09,1772005489550981233,1,32.412,0.0456908,0,0,-0.0864195,-2.30175,-1.09893,-1.1994,-1.1991,0.499355,0.206411,0.0073099,-0.00445945,-0.00246663,-0.00297808,0.00254747,0,-2.3,-1.1,-1.2,-1.2,0.5,0.162867,0.0032891,-0.00202369,-0.0011309,-0.00168932,0.00121545,-0.152896,-0.0030879,0.00189975,0.00105822,0.00158587,-0.00114104,
1.77201e+09,1772005489834040199,1,65.5,2.45581,0,1,-0.0437647,-2.30075,-1.09953,-1.19974,-1.19957,0.499714,0.162869,0.00328952,-0.00202369,-0.0011436,-0.00159496,0.001209,2,-1.6,-1.7,-1.7,-1.7,1,3.02188,1.32065,-1.13165,-0.942801,-0.943118,0.942847,-2,-1.2398,1.06237,0.885079,0.885376,-0.885121,
1.77201e+09,1772005490091997472,1,73.433,2.20459,0,1,0.0624223,-2.23465,-1.16553,-1.26656,-1.26527,0.565698,0.87186,0.710367,-0.711215,-0.72135,-0.70947,0.712534,2,-1.6,-1.7,-1.7,-1.7,1,2.93758,1.19608,-1.00727,-0.816873,-0.819293,0.818493,-2,-1.12285,0.945603,0.76686,0.769132,-0.768381,
1.77201e+09,1772005490344082151,1,75.565,1.45794,0,1,0.410308,-1.96307,-1.40785,-1.47728,-1.47561,0.776132,1.88782,1.19614,-1.00727,-0.816103,-0.819161,0.818416,2,-1.6,-1.7,-1.7,-1.7,1,2.58969,0.684238,-0.550592,-0.41974,-0.422888,0.421906,-2,-0.642346,0.516882,0.394041,0.396997,-0.396075,
1.77201e+09,1772005490568254175,1,49.662,0.708074,0,1,0.997845,-1.7188,-1.60763,-1.63236,-1.63226,0.932557,2.58972,0.684257,-0.550592,-0.41946,-0.424154,0.422122,2,-1.6,-1.7,-1.7,-1.7,1,1.88868,0.223897,-0.174084,-0.127466,-0.127672,0.127105,-1.77305,-0.210189,0.163431,0.119662,0.119856,-0.119323,
1.77201e+09,1772005490808571262,1,40.043,0.241379,0,1,1.56822,-1.61212,-1.68873,-1.69016,-1.6914,0.990854,1.88869,0.223881,-0.174084,-0.127914,-0.127151,0.126973,2,-1.6,-1.7,-1.7,-1.7,1,0.813734,0.022837,-0.0212398,-0.0185491,-0.0162132,0.0172373,-0.763913,-0.0214374,0.0199401,0.017412,0.0152193,-0.0161818,
1.77201e+09,1772005491085915042,1,67.278,2.38693,0,0,1.95652,-1.5921,-1.70398,-1.70143,-1.70227,1.00176,1.08343,0.0228268,-0.0212398,-0.0190021,-0.0149534,0.0169726,0,-2.3,-1.1,-1.2,-1.2,0.5,-2.95652,-1.33412,1.13827,0.944999,0.94659,-0.945618,2,1.25244,-1.06858,-0.887141,-0.888635,0.887723,
1.77201e+09,1772005491332866142,1,64.335,2.39313,0,0,2.10412,-1.65015,-1.64556,-1.64292,-1.64495,0.942678,0.104538,-0.686251,0.687927,0.693086,0.667694,-0.687548,0,-2.3,-1.1,-1.2,-1.2,0.5,-3.05206,-1.22471,1.02818,0.834731,0.838551,-0.834278,2,1.14973,-0.965228,-0.783625,-0.787211,0.7832,
1.77201e+09,1772005491573370864,1,54.787,1.69406,0,0,2.00272,-1.92118,-1.40226,-1.43193,-1.43566,0.732659,-0.891495,-1.22465,1.02818,0.8355,0.838482,-0.834346,0,-2.3,-1.1,-1.2,-1.2,0.5,-3.00136,-0.713977,0.569636,0.437075,0.444105,-0.438484,2,0.670314,-0.534756,-0.4103,-0.4169,0.411649,
1.77201e+09,1772005491837846249,1,69.315,1.06954,0,0,1.65,-2.16176,-1.20715,-1.28037,-1.28261,0.580718,-1.90734,-0.713965,0.569636,0.437085,0.443621,-0.43842,0,-2.3,-1.1,-1.2,-1.2,0.5,-2.65,-0.260527,0.201938,0.151459,0.155679,-0.152122,1.99999,0.244575,-0.189574,-0.142178,-0.146148,0.142808,
1.77201e+09,1772005492073958262,1,55.342,0.557735,0,0,1.05465,-2.28628,-1.11247,-1.21135,-1.212,0.511277,-2.65,-0.260563,0.201938,0.151243,0.155584,-0.152061,0,-2.3,-1.1,-1.2,-1.2,0.5,-1.98762,-0.0258519,0.0235074,0.0213918,0.0226085,-0.0212538,1.86593,0.0242691,-0.0220682,-0.0200814,-0.0212243,0.0199526,
1.77201e+09,1772005492311548474,1,43.001,0.248541,0,0,0.464883,-2.31329,-1.09224,-1.19637,-1.19629,0.496194,-1.98762,-0.0258744,0.0235074,0.0212351,0.0225922,-0.0212116,0,-2.3,-1.1,-1.2,-1.2,0.5,-0.877591,0.0202911,-0.0234812,-0.0110492,-0.0149688,0.00376371,0.825416,-0.013998,0.0314477,0.0148368,0.0225141,8.51138e-05,
1.77201e+09,1772005492563808597,1,45.267,0.0378267,0,0,0.0518083,-2.31068,-1.09561,-1.19747,-1.19791,0.495841,-1.18284,0.0202794,-0.0235138,-0.0110492,-0.0149113,0.00368054,0,-2.3,-1.1,-1.2,-1.2,0.5,-0.102006,0.0200048,-0.0100389,-0.00974522,-0.0039825,0.00599782,0.100396,-0.0186471,0.0113014,0.014432,0.00379183,-0.00367666,
1.77201e+09,1772005492819134714,1,50.584,0.0622329,0,0,-0.113998,-2.30567,-1.09879,-1.19997,-1.19924,0.497198,-0.16724,0.019974,-0.0100389,-0.009702,-0.00300285,0.00585302,0,-2.3,-1.1,-1.2,-1.2,0.5,0.214831,0.0106605,-0.00228865,-8.2718e-05,0.00609791,0.00526368,-0.201666,-0.00997366,0.00216478,0.000105652,-0.0137078,-0.00492368,
1.77201e+09,1772005493060129961,1,41.568,0.0485656,0,0,-0.0906862,-2.30247,-1.09982,-1.20056,-1.19821,0.498545,0.214833,0.0106611,-0.00228865,-0.000112853,0.00622232,0.00525976,0,-2.3,-1.1,-1.2,-1.2,0.5,0.169943,0.00441994,-0.00322868,0.0015747,-0.0029796,0.00209912,-0.158513,-0.00390847,0.00609338,-0.00203697,0.00238768,-0.00128753,
1.77201e+09,1772005493327123518,1,58.559,2.45877,0,1,-0.0460082,-2.30107,-1.10058,-1.20024,-1.19852,0.499214,0.169944,0.00442046,-0.00322868,0.00156014,-0.00288212,0.002093,2,-1.6,-1.7,-1.7,-1.7,1,3.023,1.32125,-1.12967,-0.941853,-0.945088,0.94379,-2,-1.24036,1.0605,0.884189,0.887225,-0.886006,
1.77201e+09,1772005493591574654,1,73.014,2.19415,0,1,0.065459,-2.23119,-1.17039,-1.26998,-1.26808,0.568967,0.898086,0.730621,-0.731562,-0.738246,-0.730173,0.732824,2,-1.6,-1.7,-1.7,-1.7,1,2.93454,1.18954,-0.998113,-0.81043,-0.813995,0.812331,-2,-1.11671,0.937004,0.760812,0.764159,-0.762596,
1.77201e+09,1772005493819120364,1,50.606,1.44317,0,1,0.419907,-1.95818,-1.41297,-1.48052,-1.47884,0.779594,1.91408,1.1896,-0.998113,-0.809666,-0.813862,0.812256,2,-1.6,-1.7,-1.7,-1.7,1,2.58009,0.675037,-0.540935,-0.413629,-0.416803,0.41538,-2,-0.633708,0.507817,0.388305,0.391284,-0.389948,
1.77201e+09,1772005494069254043,1,50.693,0.721638,0,1,1.01105,-1.72799,-1.59949,-1.62454,-1.62466,0.924978,2.58012,0.675049,-0.540935,-0.413493,-0.41805,0.415585,2,-1.6,-1.7,-1.7,-1.7,1,1.85958,0.240992,-0.165935,-0.140658,-0.13969,0.143758,-1.74126,-0.226011,0.130842,0.130391,0.128707,-0.137472,
1.77201e+09,1772005494330542939,1,61.999,0.256003,0,1,1.57863,-1.62136,-1.67833,-1.68331,-1.68449,0.98459,1.85969,0.240977,-0.165935,-0.141522,-0.138148,0.14342,2,-1.6,-1.7,-1.7,-1.7,1,0.794116,0.0388544,-0.0408833,-0.0315205,-0.0298585,0.0290269,-0.745499,-0.0349892,0.0384223,0.0296608,0.0287015,-0.0272347,
1.77201e+09,1772005494601547261,1,82.859,2.39056,0,0,1.97452,-1.5935,-1.69862,-1.69989,-1.70067,1.00093,1.13106,0.0388422,-0.0408833,-0.0320289,-0.0285965,0.0287567,0,-2.3,-1.1,-1.2,-1.2,0.5,-2.97452,-1.33148,1.12816,0.942094,0.943571,-0.944058,2,1.24996,-1.05909,-0.884416,-0.885801,0.886258,
1.77201e+09,1772005494843412103,1,74.864,2.45608,0,0,2.1319,-1.63773,-1.65493,-1.65448,-1.65617,0.95455,0.142383,-0.612872,0.610783,0.619638,0.598833,-0.618831,0,-2.3,-1.1,-1.2,-1.2,0.5,-3.06595,-1.24813,1.04584,0.856529,0.859704,-0.856652,2,1.17172,-0.981809,-0.804088,-0.807064,0.804204,
1.77201e+09,1772005495090607137,1,72.01,1.77659,0,0,2.03996,-1.90064,-1.41619,-1.44419,-1.44849,0.745044,-0.853637,-1.24807,1.04584,0.857356,0.859641,-0.856719,0,-2.3,-1.1,-1.2,-1.2,0.5,-3.01998,-0.752634,0.595896,0.460203,0.468313,-0.461813,2,0.706555,-0.559414,-0.432027,-0.439641,0.433539,
1.77201e+09,1772005495339901217,1,71.371,1.09441,0,0,1.69664,-2.15738,-1.20753,-1.27955,-1.2825,0.579983,-1.86942,-0.752618,0.595896,0.460241,0.46782,-0.461753,0,-2.3,-1.1,-1.2,-1.2,0.5,-2.69664,-0.268782,0.20265,0.149915,0.155483,-0.150738,2,0.252326,-0.190242,-0.140736,-0.145963,0.141509,
1.77201e+09,1772005495579757875,1,61.169,0.573644,0,0,1.106,-2.2898,-1.10837,-1.20726,-1.20827,0.507186,-2.69664,-0.268819,0.20265,0.149696,0.155383,-0.150675,0,-2.3,-1.1,-1.2,-1.2,0.5,-2.08438,-0.0192325,0.0157834,0.0136802,0.0155764,-0.013562,1.95676,0.0180568,-0.0148187,-0.0128427,-0.0146228,0.0127514,
1.77201e+09,1772005495825947991,1,57.388,0.275827,0,0,0.497116,-2.31913,-1.08748,-1.19245,-1.19244,0.492231,-2.08438,-0.0192516,0.0157834,0.0135373,0.0155616,-0.0135224,0,-2.3,-1.1,-1.2,-1.2,0.5,-0.936872,0.0360711,-0.023598,-0.0142288,-0.0142532,0.014641,0.879513,-0.0338722,0.0221532,0.0133576,0.0133805,-0.0137447,
